-- phpMyAdmin SQL Dump
-- version 5.2.0
-- https://www.phpmyadmin.net/
--
-- ホスト: 127.0.0.1
-- 生成日時: 2023-02-28 08:15:14
-- サーバのバージョン： 10.4.24-MariaDB
-- PHP のバージョン: 8.1.6

SET SQL_MODE = "NO_AUTO_VALUE_ON_ZERO";
START TRANSACTION;
SET time_zone = "+00:00";


/*!40101 SET @OLD_CHARACTER_SET_CLIENT=@@CHARACTER_SET_CLIENT */;
/*!40101 SET @OLD_CHARACTER_SET_RESULTS=@@CHARACTER_SET_RESULTS */;
/*!40101 SET @OLD_COLLATION_CONNECTION=@@COLLATION_CONNECTION */;
/*!40101 SET NAMES utf8mb4 */;

--
-- データベース: `hew`
--

-- --------------------------------------------------------

--
-- テーブルの構造 `t_ads`
--

CREATE TABLE `t_ads` (
  `f_ad_id` int(11) NOT NULL,
  `f_advertiser_id` int(11) NOT NULL,
  `f_ad_startdaytime` datetime NOT NULL,
  `f_ad_enddaytime` datetime NOT NULL
) ENGINE=InnoDB DEFAULT CHARSET=utf8mb4;

-- --------------------------------------------------------

--
-- テーブルの構造 `t_advertisers`
--

CREATE TABLE `t_advertisers` (
  `f_advertiser_id` int(11) NOT NULL,
  `f_advertiser_name` varchar(31) NOT NULL,
  `f_advertiser_email` varchar(255) NOT NULL,
  `f_advertiser_tel` varchar(11) NOT NULL,
  `f_advertiser_companyname` varchar(255) NOT NULL
) ENGINE=InnoDB DEFAULT CHARSET=utf8mb4;

-- --------------------------------------------------------

--
-- テーブルの構造 `t_allergens`
--

CREATE TABLE `t_allergens` (
  `f_allergen_id` int(11) NOT NULL,
  `f_allergen_name` varchar(15) NOT NULL
) ENGINE=InnoDB DEFAULT CHARSET=utf8mb4;

--
-- テーブルのデータのダンプ `t_allergens`
--

INSERT INTO `t_allergens` (`f_allergen_id`, `f_allergen_name`) VALUES
(1, '卵'),
(2, '乳'),
(3, '小麦'),
(4, 'そば'),
(5, '落花生(ピーナッツ)'),
(6, 'えび'),
(7, 'かに'),
(8, 'アーモンド'),
(9, 'あわび'),
(10, 'いか'),
(11, 'いくら'),
(12, 'オレンジ'),
(13, 'カシューナッツ'),
(14, 'キウイフルーツ'),
(15, '牛肉'),
(16, 'くるみ'),
(17, 'ごま'),
(18, 'さけ'),
(19, 'さば'),
(20, '大豆'),
(21, '鶏肉'),
(22, 'バナナ'),
(23, '豚肉'),
(24, 'まつたけ'),
(25, '桃'),
(26, 'やまいも'),
(27, 'りんご'),
(28, 'ゼラチン');

-- --------------------------------------------------------

--
-- テーブルの構造 `t_allergens_product`
--

CREATE TABLE `t_allergens_product` (
  `f_allergen_id` int(2) UNSIGNED ZEROFILL NOT NULL,
  `f_product_id` int(11) UNSIGNED ZEROFILL NOT NULL
) ENGINE=InnoDB DEFAULT CHARSET=utf8mb4;

--
-- テーブルのデータのダンプ `t_allergens_product`
--

INSERT INTO `t_allergens_product` (`f_allergen_id`, `f_product_id`) VALUES
(01, 00000060025),
(02, 00000060025),
(02, 00000060032),
(03, 00000060025),
(03, 00000060032),
(04, 00000060023),
(05, 00000060023),
(06, 00000020002),
(06, 00000060030),
(07, 00000060030),
(08, 00000060004),
(08, 00000060023),
(09, 00000020001),
(10, 00000020001),
(11, 00000020001),
(12, 00000060005);

-- --------------------------------------------------------

--
-- テーブルの構造 `t_customers`
--

CREATE TABLE `t_customers` (
  `f_customer_id` int(11) NOT NULL,
  `f_customer_name` varchar(31) NOT NULL,
  `f_customer_birthday` date NOT NULL,
  `f_customer_gender` smallint(2) NOT NULL,
  `f_customer_email` varchar(255) NOT NULL,
  `f_customer_password` varchar(255) NOT NULL,
  `f_customer_registday` datetime NOT NULL,
  `f_customer_update` timestamp NULL DEFAULT NULL ON UPDATE current_timestamp(),
  `f_customer_age` int(2) NOT NULL,
  `f_customer_isadmin` tinyint(1) NOT NULL
) ENGINE=InnoDB DEFAULT CHARSET=utf8mb4;

--
-- テーブルのデータのダンプ `t_customers`
--

INSERT INTO `t_customers` (`f_customer_id`, `f_customer_name`, `f_customer_birthday`, `f_customer_gender`, `f_customer_email`, `f_customer_password`, `f_customer_registday`, `f_customer_update`, `f_customer_age`, `f_customer_isadmin`) VALUES
(1, 'ゲストユーザー', '2014-07-07', 0, 'sample@sample.com', 'password', '2022-12-12 00:00:00', '2023-02-22 08:41:46', 10, 0),
(2, 'ゲストユーザー', '2014-07-07', 1, 'sample@sample.com', 'password', '2022-12-12 00:00:00', '2023-02-22 08:41:46', 10, 0),
(3, 'ゲストユーザー', '2014-07-07', 2, 'sample@sample.com', 'password', '2022-12-12 00:00:00', '2023-02-22 08:41:46', 10, 0),
(4, 'ゲストユーザー', '2014-07-07', 1, 'sample@sample.com', 'password', '2022-12-12 00:00:00', '2023-02-22 08:41:46', 20, 0),
(5, 'ゲストユーザー', '2014-07-07', 2, 'sample@sample.com', 'password', '2022-12-12 00:00:00', '2023-02-22 08:41:46', 20, 0),
(6, 'ゲストユーザー', '2014-07-07', 1, 'sample@sample.com', 'password', '2022-12-12 00:00:00', '2023-02-22 08:41:46', 30, 0),
(7, 'ゲストユーザー', '2014-07-07', 2, 'sample@sample.com', 'password', '2022-12-12 00:00:00', '2023-02-22 08:41:46', 30, 0),
(8, 'ゲストユーザー', '2014-07-07', 1, 'sample@sample.com', 'password', '2022-12-12 00:00:00', '2023-02-22 08:41:46', 40, 0),
(9, 'ゲストユーザー', '2014-07-07', 2, 'sample@sample.com', 'password', '2022-12-12 00:00:00', '2023-02-22 08:41:46', 40, 0),
(10, 'ゲストユーザー', '2014-07-07', 1, 'sample@sample.com', 'password', '2022-12-12 00:00:00', '2023-02-22 08:41:46', 50, 0),
(11, 'ゲストユーザー', '2014-07-07', 2, 'sample@sample.com', 'password', '2022-12-12 00:00:00', '2023-02-22 08:41:46', 50, 0),
(12, 'ゲストユーザー', '2014-07-07', 1, 'sample@sample.com', 'password', '2022-12-12 00:00:00', '2023-02-22 08:41:46', 60, 0),
(13, 'ゲストユーザー', '2014-07-07', 2, 'sample@sample.com', 'password', '2022-12-12 00:00:00', '2023-02-22 08:41:46', 60, 0);

-- --------------------------------------------------------

--
-- テーブルの構造 `t_images`
--

CREATE TABLE `t_images` (
  `f_product_id` int(11) NOT NULL,
  `f_image_url` varchar(40) NOT NULL,
  `f_image_is_product` tinyint(1) NOT NULL,
  `f_image_update` datetime NOT NULL
) ENGINE=InnoDB DEFAULT CHARSET=utf8mb4;

--
-- テーブルのデータのダンプ `t_images`
--

INSERT INTO `t_images` (`f_product_id`, `f_image_url`, `f_image_is_product`, `f_image_update`) VALUES
(20001, 'products/0002/0002karupis.png', 0, '2022-11-29 13:19:35'),
(20002, 'products/0002/0002mituya.png', 0, '2022-11-29 13:38:14'),
(20003, 'products/0002/0002sayu.png', 0, '2022-11-29 13:38:14'),
(60001, 'products/0006/0006cocacola.png', 0, '2022-11-17 18:36:43'),
(60002, 'products/0006/0006colazero.png', 0, '2022-11-29 13:20:04'),
(60003, 'products/0006/0006irohas.png', 0, '2022-11-29 13:15:39'),
(60004, 'products/0006/0006asakuramomo.png', 0, '2022-11-29 13:11:23'),
(60005, 'products/0006/0006ayataka.png', 0, '2022-11-29 13:41:31'),
(60006, 'products/0006/0006mattyarate.png', 0, '2022-11-29 13:41:57'),
(60007, 'products/0006/0006aquarius.png', 0, '2022-11-29 13:18:15'),
(60008, 'products/0006/0006georgiajcblack.png', 0, '2022-11-29 13:31:14'),
(60009, 'products/0006/0006georgiajclatte.png', 0, '2022-11-29 13:30:53'),
(60010, 'products/0006/0006georgiaemerald.png', 0, '2022-11-29 13:22:46'),
(60011, 'products/0006/0006georgiagrand.png', 0, '2022-11-29 13:29:24'),
(60012, 'products/0006/0006georgiagrand.png', 0, '2022-11-29 13:29:54'),
(60013, 'products/0006/0006georgiablack.png', 0, '2022-11-29 13:30:33'),
(60014, 'products/0006/0006georgiablack.png', 0, '2022-11-29 13:30:11'),
(60015, 'products/0006/0006georgiakokoa.png', 0, '2022-11-29 13:32:26'),
(60016, 'products/0006/0006georgiacafeau.png', 0, '2022-11-29 13:28:38'),
(60017, 'products/0006/0006maxcoffee.png', 0, '2022-11-29 13:31:34'),
(60018, 'products/0006/0006georgialatte.png', 0, '2022-11-29 13:31:59'),
(60019, 'products/0006/0006fantagrape.png', 0, '2022-11-29 13:33:51'),
(60020, 'products/0006/0006fantaorange.png', 0, '2022-11-29 13:33:27'),
(60022, 'products/0006/0006fantapreorange.png', 0, '2022-11-29 13:34:43'),
(60023, 'products/0006/0006sprite.png', 0, '2022-11-29 13:32:45'),
(60024, 'products/0006/0006canadadry.png', 0, '2022-11-29 13:18:55'),
(60025, 'products/0006/0006drpepper.png', 0, '2022-11-29 13:33:07'),
(60026, 'products/0006/0006sokenbicha.png', 0, '2022-11-29 13:40:29'),
(60027, 'products/0006/0006yakan.png', 0, '2022-11-29 13:17:44'),
(60028, 'products/0006/0006kochakaden.png', 0, '2022-11-29 13:41:07'),
(60029, 'products/0006/0006odayakacha.png', 0, '2022-11-29 13:16:16'),
(60030, 'products/0006/0006karadacha.png', 0, '2022-11-29 13:16:40'),
(60031, 'products/0006/0006costa.png', 0, '2022-11-29 13:20:56'),
(60032, 'products/0006/0006soulblast.jpg', 0, '2022-11-29 13:20:31'),
(60034, 'products/0006/0006georgiaemerald.png', 0, '2022-11-29 13:28:27'),
(70001, 'products/0007/0007gogotealemon.jpg', 0, '2022-11-29 13:39:45'),
(70002, 'products/0007/0007gogoteastraight.jpg', 0, '2022-11-29 13:38:49'),
(220001, 'products/0022/0022miu.png', 0, '2022-11-29 13:45:31');

-- --------------------------------------------------------

--
-- テーブルの構造 `t_informations`
--

CREATE TABLE `t_informations` (
  `f_information_id` int(11) NOT NULL,
  `f_information_machinename` varchar(25) NOT NULL,
  `f_information_place` varchar(255) NOT NULL,
  `f_information_establishdaytime` datetime NOT NULL,
  `f_information_lastaccess` datetime NOT NULL,
  `f_information_lastmaintenance` datetime NOT NULL
) ENGINE=InnoDB DEFAULT CHARSET=utf8mb4;

-- --------------------------------------------------------

--
-- テーブルの構造 `t_makers`
--

CREATE TABLE `t_makers` (
  `f_maker_id` int(4) UNSIGNED ZEROFILL NOT NULL,
  `f_maker_name` varchar(31) NOT NULL
) ENGINE=InnoDB DEFAULT CHARSET=utf8mb4;

--
-- テーブルのデータのダンプ `t_makers`
--

INSERT INTO `t_makers` (`f_maker_id`, `f_maker_name`) VALUES
(0001, 'UCC'),
(0002, 'アサヒ飲料'),
(0003, 'エスエス製薬'),
(0004, 'カゴメ'),
(0005, 'カルピス'),
(0006, 'コカ･コーラ'),
(0007, 'キリンビバレッジ'),
(0008, 'サッポロ飲料'),
(0009, 'サントリー'),
(0010, 'タケダ'),
(0011, 'タマノイ'),
(0012, 'ニチレイ'),
(0013, 'ネスレ'),
(0014, 'ハウス'),
(0015, 'ポッカ'),
(0016, 'ポン'),
(0017, '伊藤園'),
(0018, '花王'),
(0019, '森永製菓'),
(0020, '大正製薬'),
(0021, '大塚製薬'),
(0022, 'DyDo');

-- --------------------------------------------------------

--
-- テーブルの構造 `t_makers_products`
--

CREATE TABLE `t_makers_products` (
  `f_maker_id` int(4) UNSIGNED ZEROFILL NOT NULL,
  `f_product_id` int(5) UNSIGNED ZEROFILL NOT NULL
) ENGINE=InnoDB DEFAULT CHARSET=utf8mb4;

--
-- テーブルのデータのダンプ `t_makers_products`
--

INSERT INTO `t_makers_products` (`f_maker_id`, `f_product_id`) VALUES
(0002, 20001),
(0002, 20002),
(0002, 20003),
(0006, 60001),
(0006, 60002),
(0006, 60003),
(0006, 60004),
(0006, 60005),
(0006, 60006),
(0006, 60007),
(0006, 60008),
(0006, 60009),
(0006, 60010),
(0006, 60011),
(0006, 60012),
(0006, 60013),
(0006, 60014),
(0006, 60015),
(0006, 60016),
(0006, 60017),
(0006, 60018),
(0006, 60019),
(0006, 60020),
(0006, 60021),
(0006, 60022),
(0006, 60023),
(0006, 60024),
(0006, 60025),
(0006, 60026),
(0006, 60027),
(0006, 60028),
(0006, 60029),
(0006, 60030),
(0006, 60031),
(0006, 60032),
(0006, 60034),
(0007, 70001),
(0007, 70002),
(0022, 220001);

-- --------------------------------------------------------

--
-- テーブルの構造 `t_pay_infos`
--

CREATE TABLE `t_pay_infos` (
  `f_pay_info_id` int(4) UNSIGNED ZEROFILL NOT NULL,
  `f_pay_info_name` varchar(10) NOT NULL,
  `f_pay_info_type` int(2) UNSIGNED ZEROFILL NOT NULL
) ENGINE=InnoDB DEFAULT CHARSET=utf8mb4;

--
-- テーブルのデータのダンプ `t_pay_infos`
--

INSERT INTO `t_pay_infos` (`f_pay_info_id`, `f_pay_info_name`, `f_pay_info_type`) VALUES
(0101, '現金', 01),
(0201, '交通系電子マネー', 02),
(0202, 'WAON', 02),
(0203, 'ID', 02),
(0204, 'QUICPay', 02),
(0205, '楽天Edy', 02),
(0301, 'PayPay', 03),
(0302, 'LINEPay', 03);

-- --------------------------------------------------------

--
-- テーブルの構造 `t_predict`
--

CREATE TABLE `t_predict` (
  `f_predict_id` int(11) NOT NULL,
  `f_product_id` int(11) NOT NULL,
  `f_predict_data` varchar(30) NOT NULL,
  `f_predict_update` datetime NOT NULL
) ENGINE=InnoDB DEFAULT CHARSET=utf8mb4;

-- --------------------------------------------------------

--
-- テーブルの構造 `t_products`
--

CREATE TABLE `t_products` (
  `f_product_id` int(11) NOT NULL,
  `f_product_name` varchar(25) NOT NULL,
  `f_product_price` int(11) NOT NULL,
  `f_product_isice` tinyint(1) NOT NULL,
  `f_product_stock` int(11) NOT NULL,
  `f_product_stockcheckdatetime` datetime NOT NULL
) ENGINE=InnoDB DEFAULT CHARSET=utf8mb4;

--
-- テーブルのデータのダンプ `t_products`
--

INSERT INTO `t_products` (`f_product_id`, `f_product_name`, `f_product_price`, `f_product_isice`, `f_product_stock`, `f_product_stockcheckdatetime`) VALUES
(20001, 'カルピスウォーター(R)\r\n', 160, 1, 1, '2022-11-29 01:15:33'),
(20002, '三ツ矢サイダー\r\n', 160, 1, 0, '2022-11-29 01:15:33'),
(20003, 'おいしい水 天然水 白湯\r\n', 110, 0, 6, '2022-11-29 01:15:33'),
(60001, 'コカ・コーラ', 160, 1, 6, '2022-11-16 09:34:38'),
(60002, 'コカ･コーラ ゼロ', 160, 1, 6, '2022-11-29 01:03:44'),
(60003, 'い･ろ･は･す 天然水', 100, 1, 3, '2022-11-29 01:03:44'),
(60004, 'い･ろ･は･す もも', 100, 1, 4, '2022-11-29 01:03:44'),
(60005, '綾鷹', 160, 1, 6, '2022-11-29 01:03:44'),
(60006, '綾鷹カフェ 抹茶ラテ', 160, 1, 6, '2022-11-29 01:03:44'),
(60007, 'アクエリアス', 160, 1, 6, '2022-11-29 01:03:44'),
(60008, 'ジョージア ジャパン クラフトマン ブラック', 160, 1, 6, '2022-11-29 01:03:44'),
(60009, 'ジョージア ジャパン クラフトマン カフェラテ', 160, 1, 3, '2022-11-29 01:03:44'),
(60010, 'ジョージア エメラルドマウンテンブレンド', 120, 0, 5, '2022-11-29 01:15:33'),
(60011, 'ジョージア グラン 微糖', 120, 0, 6, '2022-11-29 01:15:33'),
(60012, 'ジョージア グラン 微糖', 120, 1, 0, '2022-11-29 01:15:33'),
(60013, 'ジョージア ブラック', 120, 0, 6, '2022-11-29 01:15:33'),
(60014, 'ジョージア ブラック', 120, 1, 6, '2022-11-29 01:15:33'),
(60015, 'ジョージア 贅沢ミルクココア', 120, 0, 6, '2022-11-29 01:15:33'),
(60016, 'ジョージア カフェ・オ・レ', 120, 1, 6, '2022-11-29 01:15:33'),
(60017, 'ジョージア マックスコーヒー', 120, 1, 6, '2022-11-29 01:15:33'),
(60018, 'ジョージア ラテニスタ カフェラテ', 120, 1, 6, '2022-11-29 01:15:33'),
(60019, 'ファンタ グレープ', 160, 1, 4, '2022-11-29 01:15:33'),
(60020, 'ファンタ オレンジ', 160, 1, 5, '2022-11-29 01:15:33'),
(60021, 'ファンタ プレミアグレープ', 160, 1, 6, '2022-11-29 01:15:33'),
(60022, 'ファンタ プレミアオレンジ', 160, 1, 4, '2022-11-29 01:15:33'),
(60023, 'スプライト', 160, 1, 6, '2022-11-29 01:15:33'),
(60024, 'カナダドライ ジンジャーエール', 160, 1, 6, '2022-11-29 01:15:33'),
(60025, 'ドクターペッパー', 160, 1, 6, '2022-11-29 01:15:33'),
(60026, '爽健美茶', 160, 1, 6, '2022-11-29 01:15:33'),
(60027, 'やかんの麦茶 from 一（はじめ）', 160, 1, 6, '2022-11-29 01:15:33'),
(60028, '紅茶花伝 ロイヤルミルクティー', 120, 1, 6, '2022-11-29 01:15:33'),
(60029, 'からだおだやか茶W', 120, 1, 6, '2022-11-29 01:15:33'),
(60030, 'からだ巡茶', 160, 1, 6, '2022-11-29 01:15:33'),
(60031, 'コスタコーヒー カフェラテ', 160, 1, 6, '2022-11-29 01:15:33'),
(60032, 'コカ･コーラ ゼロ シュガー ソウルブラスト\r\n', 120, 1, 6, '2022-11-29 01:15:33'),
(60034, 'ジョージア エメラルドマウンテンブレンド', 120, 1, 6, '2022-11-29 01:15:33'),
(70001, '午後の紅茶 レモンティー\r\n', 160, 1, 5, '0000-00-00 00:00:00'),
(70002, '午後の紅茶 ストレートティー\r\n', 160, 1, 6, '2022-11-29 01:15:33'),
(220001, 'ミウ', 100, 1, 6, '2022-11-29 13:44:39');

-- --------------------------------------------------------

--
-- テーブルの構造 `t_receipts`
--

CREATE TABLE `t_receipts` (
  `f_receipt_id` int(11) UNSIGNED ZEROFILL NOT NULL,
  `f_customer_id` int(11) NOT NULL,
  `f_receipt_payment` int(11) DEFAULT NULL,
  `f_receipt_buy_time` date DEFAULT NULL,
  `f_receipt_temperature` varchar(4) NOT NULL,
  `f_receipt_humidity` int(2) NOT NULL,
  `f_receipt_startusedaytime` datetime NOT NULL,
  `f_receipt_endusedaytime` datetime DEFAULT NULL,
  `f_receipt_isreserved` tinyint(1) NOT NULL DEFAULT 0
) ENGINE=InnoDB DEFAULT CHARSET=utf8mb4;

--
-- テーブルのデータのダンプ `t_receipts`
--

INSERT INTO `t_receipts` (`f_receipt_id`, `f_customer_id`, `f_receipt_payment`, `f_receipt_buy_time`, `f_receipt_temperature`, `f_receipt_humidity`, `f_receipt_startusedaytime`, `f_receipt_endusedaytime`, `f_receipt_isreserved`) VALUES
(01010000002, 2, 100, '2022-01-01', '1.4', 67, '2023-02-03 18:05:58', '2023-02-03 18:06:58', 0),
(01010000003, 3, 100, '2022-01-01', '1.4', 67, '2023-02-03 18:05:58', '2023-02-03 18:06:58', 0),
(01010000004, 4, 100, '2022-01-01', '1.4', 67, '2023-02-03 18:05:58', '2023-02-03 18:06:58', 0),
(01010000005, 5, 100, '2022-01-01', '1.4', 67, '2023-02-03 18:05:58', '2023-02-03 18:06:58', 0),
(01010000006, 6, 100, '2022-01-01', '1.4', 67, '2023-02-03 18:05:58', '2023-02-03 18:06:58', 0),
(01010000007, 7, 100, '2022-01-01', '1.4', 67, '2023-02-03 18:05:58', '2023-02-03 18:06:58', 0),
(01010000008, 8, 100, '2022-01-01', '1.4', 67, '2023-02-03 18:05:58', '2023-02-03 18:06:58', 0),
(01010000009, 9, 100, '2022-01-01', '1.4', 67, '2023-02-03 18:05:58', '2023-02-03 18:06:58', 0),
(01010000010, 10, 100, '2022-01-01', '1.4', 67, '2023-02-03 18:05:58', '2023-02-03 18:06:58', 0),
(01010000011, 11, 100, '2022-01-01', '1.4', 67, '2023-02-03 18:05:58', '2023-02-03 18:06:58', 0),
(01010000012, 12, 100, '2022-01-01', '1.4', 67, '2023-02-03 18:05:58', '2023-02-03 18:06:58', 0),
(01010000013, 13, 100, '2022-01-01', '1.4', 67, '2023-02-03 18:05:58', '2023-02-03 18:06:58', 0),
(01020000011, 11, 100, '2022-01-01', '2.2', 61, '2023-02-03 18:05:58', '2023-02-03 18:06:58', 0),
(01020000012, 12, 100, '2022-01-01', '2.2', 61, '2023-02-03 18:05:58', '2023-02-03 18:06:58', 0),
(01020000013, 13, 100, '2022-01-01', '2.2', 61, '2023-02-03 18:05:58', '2023-02-03 18:06:58', 0),
(02201020002, 2, 100, '2022-01-01', '2.2', 61, '2023-02-03 18:05:58', '2023-02-03 18:06:58', 0),
(02201020003, 3, 100, '2022-01-01', '2.2', 61, '2023-02-03 18:05:58', '2023-02-03 18:06:58', 0),
(02201020004, 4, 100, '2022-01-01', '2.2', 61, '2023-02-03 18:05:58', '2023-02-03 18:06:58', 0),
(02201020005, 5, 100, '2022-01-01', '2.2', 61, '2023-02-03 18:05:58', '2023-02-03 18:06:58', 0),
(02201020006, 6, 100, '2022-01-01', '2.2', 61, '2023-02-03 18:05:58', '2023-02-03 18:06:58', 0),
(02201020007, 7, 100, '2022-01-01', '2.2', 61, '2023-02-03 18:05:58', '2023-02-03 18:06:58', 0),
(02201020008, 8, 100, '2022-01-01', '2.2', 61, '2023-02-03 18:05:58', '2023-02-03 18:06:58', 0),
(02201020009, 9, 100, '2022-01-01', '2.2', 61, '2023-02-03 18:05:58', '2023-02-03 18:06:58', 0),
(02201020010, 10, 100, '2022-01-01', '2.2', 61, '2023-02-03 18:05:58', '2023-02-03 18:06:58', 0),
(02201020011, 11, 100, '2022-01-01', '2.2', 61, '2023-02-03 18:05:58', '2023-02-03 18:06:58', 0),
(02201020012, 12, 100, '2022-01-01', '2.2', 61, '2023-02-03 18:05:58', '2023-02-03 18:06:58', 0),
(02201020013, 13, 100, '2022-01-01', '2.2', 61, '2023-02-03 18:05:58', '2023-02-03 18:06:58', 0),
(02201030002, 2, 100, '2022-01-01', '4.5', 80, '2023-02-03 18:05:58', '2023-02-03 18:06:58', 0),
(02201030003, 3, 100, '2022-01-01', '4.5', 80, '2023-02-03 18:05:58', '2023-02-03 18:06:58', 0),
(02201030004, 4, 100, '2022-01-01', '4.5', 80, '2023-02-03 18:05:58', '2023-02-03 18:06:58', 0),
(02201030005, 5, 100, '2022-01-01', '4.5', 80, '2023-02-03 18:05:58', '2023-02-03 18:06:58', 0),
(02201030006, 6, 100, '2022-01-01', '4.5', 80, '2023-02-03 18:05:58', '2023-02-03 18:06:58', 0),
(02201030007, 7, 100, '2022-01-01', '4.5', 80, '2023-02-03 18:05:58', '2023-02-03 18:06:58', 0),
(02201030008, 8, 100, '2022-01-01', '4.5', 80, '2023-02-03 18:05:58', '2023-02-03 18:06:58', 0),
(02201030009, 9, 100, '2022-01-01', '4.5', 80, '2023-02-03 18:05:58', '2023-02-03 18:06:58', 0),
(02201030010, 10, 100, '2022-01-01', '4.5', 80, '2023-02-03 18:05:58', '2023-02-03 18:06:58', 0),
(02201030011, 11, 100, '2022-01-01', '4.5', 80, '2023-02-03 18:05:58', '2023-02-03 18:06:58', 0),
(02201030012, 12, 100, '2022-01-01', '4.5', 80, '2023-02-03 18:05:58', '2023-02-03 18:06:58', 0),
(02201030013, 13, 100, '2022-01-01', '4.5', 80, '2023-02-03 18:05:58', '2023-02-03 18:06:58', 0),
(02201040002, 2, 100, '2022-01-01', '3.3', 71, '2023-02-03 18:05:58', '2023-02-03 18:06:58', 0),
(02201040003, 3, 100, '2022-01-01', '3.3', 71, '2023-02-03 18:05:58', '2023-02-03 18:06:58', 0),
(02201040004, 4, 100, '2022-01-01', '3.3', 71, '2023-02-03 18:05:58', '2023-02-03 18:06:58', 0),
(02201040005, 5, 100, '2022-01-01', '3.3', 71, '2023-02-03 18:05:58', '2023-02-03 18:06:58', 0),
(02201040006, 6, 100, '2022-01-01', '3.3', 71, '2023-02-03 18:05:58', '2023-02-03 18:06:58', 0),
(02201040007, 7, 100, '2022-01-01', '3.3', 71, '2023-02-03 18:05:58', '2023-02-03 18:06:58', 0),
(02201040008, 8, 100, '2022-01-01', '3.3', 71, '2023-02-03 18:05:58', '2023-02-03 18:06:58', 0),
(02201040009, 9, 100, '2022-01-01', '3.3', 71, '2023-02-03 18:05:58', '2023-02-03 18:06:58', 0),
(02201040010, 10, 100, '2022-01-01', '3.3', 71, '2023-02-03 18:05:58', '2023-02-03 18:06:58', 0),
(02201040011, 11, 100, '2022-01-01', '3.3', 71, '2023-02-03 18:05:58', '2023-02-03 18:06:58', 0),
(02201040012, 12, 100, '2022-01-01', '4.5', 80, '2023-02-03 18:05:58', '2023-02-03 18:06:58', 0),
(02201040013, 13, 100, '2022-01-01', '3.3', 71, '2023-02-03 18:05:58', '2023-02-03 18:06:58', 0),
(02201050002, 2, 100, '2022-01-01', '3.1', 51, '2023-02-03 18:05:58', '2023-02-03 18:06:58', 0),
(02201050003, 3, 100, '2022-01-01', '3.1', 51, '2023-02-03 18:05:58', '2023-02-03 18:06:58', 0),
(02201050004, 4, 100, '2022-01-01', '3.1', 51, '2023-02-03 18:05:58', '2023-02-03 18:06:58', 0),
(02201050005, 5, 100, '2022-01-01', '3.1', 51, '2023-02-03 18:05:58', '2023-02-03 18:06:58', 0),
(02201050006, 6, 100, '2022-01-01', '3.1', 51, '2023-02-03 18:05:58', '2023-02-03 18:06:58', 0),
(02201050007, 7, 100, '2022-01-01', '3.1', 51, '2023-02-03 18:05:58', '2023-02-03 18:06:58', 0),
(02201050008, 8, 100, '2022-01-01', '3.1', 51, '2023-02-03 18:05:58', '2023-02-03 18:06:58', 0),
(02201050009, 9, 100, '2022-01-01', '3.1', 51, '2023-02-03 18:05:58', '2023-02-03 18:06:58', 0),
(02201050010, 10, 100, '2022-01-01', '3.1', 51, '2023-02-03 18:05:58', '2023-02-03 18:06:58', 0),
(02201050011, 11, 100, '2022-01-01', '3.1', 51, '2023-02-03 18:05:58', '2023-02-03 18:06:58', 0),
(02201050012, 12, 100, '2022-01-01', '3.1', 51, '2023-02-03 18:05:58', '2023-02-03 18:06:58', 0),
(02201050013, 13, 100, '2022-01-01', '3.1', 51, '2023-02-03 18:05:58', '2023-02-03 18:06:58', 0),
(02201060002, 2, 100, '2022-01-01', '3.9', 61, '2023-02-03 18:05:58', '2023-02-03 18:06:58', 0),
(02201060003, 3, 100, '2022-01-01', '3.9', 61, '2023-02-03 18:05:58', '2023-02-03 18:06:58', 0),
(02201060004, 4, 100, '2022-01-01', '3.9', 61, '2023-02-03 18:05:58', '2023-02-03 18:06:58', 0),
(02201060005, 5, 100, '2022-01-01', '3.9', 61, '2023-02-03 18:05:58', '2023-02-03 18:06:58', 0),
(02201060006, 6, 100, '2022-01-01', '3.9', 61, '2023-02-03 18:05:58', '2023-02-03 18:06:58', 0),
(02201060007, 7, 100, '2022-01-01', '3.9', 61, '2023-02-03 18:05:58', '2023-02-03 18:06:58', 0),
(02201060008, 8, 100, '2022-01-01', '3.9', 61, '2023-02-03 18:05:58', '2023-02-03 18:06:58', 0),
(02201060009, 9, 100, '2022-01-01', '3.9', 61, '2023-02-03 18:05:58', '2023-02-03 18:06:58', 0),
(02201060010, 10, 100, '2022-01-01', '3.9', 61, '2023-02-03 18:05:58', '2023-02-03 18:06:58', 0),
(02201060011, 11, 100, '2022-01-01', '3.9', 61, '2023-02-03 18:05:58', '2023-02-03 18:06:58', 0),
(02201060012, 12, 100, '2022-01-01', '3.9', 61, '2023-02-03 18:05:58', '2023-02-03 18:06:58', 0),
(02201060013, 13, 100, '2022-01-01', '3.9', 61, '2023-02-03 18:05:58', '2023-02-03 18:06:58', 0),
(02201070002, 2, 100, '2022-01-01', '3.8', 58, '2023-02-03 18:05:58', '2023-02-03 18:06:58', 0),
(02201070003, 3, 100, '2022-01-01', '3.8', 58, '2023-02-03 18:05:58', '2023-02-03 18:06:58', 0),
(02201070004, 4, 100, '2022-01-01', '3.8', 58, '2023-02-03 18:05:58', '2023-02-03 18:06:58', 0),
(02201070005, 5, 100, '2022-01-01', '3.8', 58, '2023-02-03 18:05:58', '2023-02-03 18:06:58', 0),
(02201070006, 6, 100, '2022-01-01', '3.8', 58, '2023-02-03 18:05:58', '2023-02-03 18:06:58', 0),
(02201070007, 7, 100, '2022-01-01', '3.8', 58, '2023-02-03 18:05:58', '2023-02-03 18:06:58', 0),
(02201070008, 8, 100, '2022-01-01', '3.8', 58, '2023-02-03 18:05:58', '2023-02-03 18:06:58', 0),
(02201070009, 9, 100, '2022-01-01', '3.8', 58, '2023-02-03 18:05:58', '2023-02-03 18:06:58', 0),
(02201070010, 10, 100, '2022-01-01', '3.8', 58, '2023-02-03 18:05:58', '2023-02-03 18:06:58', 0),
(02201070011, 11, 100, '2022-01-01', '3.8', 58, '2023-02-03 18:05:58', '2023-02-03 18:06:58', 0),
(02201070012, 12, 100, '2022-01-01', '3.8', 58, '2023-02-03 18:05:58', '2023-02-03 18:06:58', 0),
(02201070013, 13, 100, '2022-01-01', '3.8', 58, '2023-02-03 18:05:58', '2023-02-03 18:06:58', 0),
(02201080002, 2, 100, '2022-01-01', '5.5', 57, '2023-02-03 18:05:58', '2023-02-03 18:06:58', 0),
(02201080003, 3, 100, '2022-01-01', '5.5', 57, '2023-02-03 18:05:58', '2023-02-03 18:06:58', 0),
(02201080004, 4, 100, '2022-01-01', '5.5', 57, '2023-02-03 18:05:58', '2023-02-03 18:06:58', 0),
(02201080005, 5, 100, '2022-01-01', '5.5', 57, '2023-02-03 18:05:58', '2023-02-03 18:06:58', 0),
(02201080006, 6, 100, '2022-01-01', '5.5', 57, '2023-02-03 18:05:58', '2023-02-03 18:06:58', 0),
(02201080007, 7, 100, '2022-01-01', '5.5', 57, '2023-02-03 18:05:58', '2023-02-03 18:06:58', 0),
(02201080008, 8, 100, '2022-01-01', '5.5', 57, '2023-02-03 18:05:58', '2023-02-03 18:06:58', 0),
(02201080009, 9, 100, '2022-01-01', '5.5', 57, '2023-02-03 18:05:58', '2023-02-03 18:06:58', 0),
(02201080010, 10, 100, '2022-01-01', '5.5', 57, '2023-02-03 18:05:58', '2023-02-03 18:06:58', 0),
(02201080011, 11, 100, '2022-01-01', '5.5', 57, '2023-02-03 18:05:58', '2023-02-03 18:06:58', 0),
(02201080012, 12, 100, '2022-01-01', '5.5', 57, '2023-02-03 18:05:58', '2023-02-03 18:06:58', 0),
(02201080013, 13, 100, '2022-01-01', '5.5', 57, '2023-02-03 18:05:58', '2023-02-03 18:06:58', 0),
(02201090002, 2, 100, '2022-01-01', '8.4', 65, '2023-02-03 18:05:58', '2023-02-03 18:06:58', 0),
(02201090003, 3, 100, '2022-01-01', '8.4', 65, '2023-02-03 18:05:58', '2023-02-03 18:06:58', 0),
(02201090004, 4, 100, '2022-01-01', '8.4', 65, '2023-02-03 18:05:58', '2023-02-03 18:06:58', 0),
(02201090005, 5, 100, '2022-01-01', '8.4', 65, '2023-02-03 18:05:58', '2023-02-03 18:06:58', 0),
(02201090006, 6, 100, '2022-01-01', '8.4', 65, '2023-02-03 18:05:58', '2023-02-03 18:06:58', 0),
(02201090007, 7, 100, '2022-01-01', '8.4', 65, '2023-02-03 18:05:58', '2023-02-03 18:06:58', 0),
(02201090008, 8, 100, '2022-01-01', '8.4', 65, '2023-02-03 18:05:58', '2023-02-03 18:06:58', 0),
(02201090009, 9, 100, '2022-01-01', '8.4', 65, '2023-02-03 18:05:58', '2023-02-03 18:06:58', 0),
(02201090010, 10, 100, '2022-01-01', '8.4', 65, '2023-02-03 18:05:58', '2023-02-03 18:06:58', 0),
(02201090011, 11, 100, '2022-01-01', '8.4', 65, '2023-02-03 18:05:58', '2023-02-03 18:06:58', 0),
(02201090012, 12, 100, '2022-01-01', '8.4', 65, '2023-02-03 18:05:58', '2023-02-03 18:06:58', 0),
(02201090013, 13, 100, '2022-01-01', '8.4', 65, '2023-02-03 18:05:58', '2023-02-03 18:06:58', 0),
(02201100002, 2, 100, '2022-01-01', '5.7', 53, '2023-02-03 18:05:58', '2023-02-03 18:06:58', 0),
(02201100003, 3, 100, '2022-01-01', '5.7', 53, '2023-02-03 18:05:58', '2023-02-03 18:06:58', 0),
(02201100004, 4, 100, '2022-01-01', '5.7', 53, '2023-02-03 18:05:58', '2023-02-03 18:06:58', 0),
(02201100005, 5, 100, '2022-01-01', '5.7', 53, '2023-02-03 18:05:58', '2023-02-03 18:06:58', 0),
(02201100006, 6, 100, '2022-01-01', '5.7', 53, '2023-02-03 18:05:58', '2023-02-03 18:06:58', 0),
(02201100007, 7, 100, '2022-01-01', '5.7', 53, '2023-02-03 18:05:58', '2023-02-03 18:06:58', 0),
(02201100008, 8, 100, '2022-01-01', '5.7', 53, '2023-02-03 18:05:58', '2023-02-03 18:06:58', 0),
(02201100009, 9, 100, '2022-01-01', '5.7', 53, '2023-02-03 18:05:58', '2023-02-03 18:06:58', 0),
(02201100010, 10, 100, '2022-01-01', '5.7', 53, '2023-02-03 18:05:58', '2023-02-03 18:06:58', 0),
(02201100011, 11, 100, '2022-01-01', '5.7', 53, '2023-02-03 18:05:58', '2023-02-03 18:06:58', 0),
(02201100012, 12, 100, '2022-01-01', '5.7', 53, '2023-02-03 18:05:58', '2023-02-03 18:06:58', 0),
(02201100013, 13, 100, '2022-01-01', '5.7', 53, '2023-02-03 18:05:58', '2023-02-03 18:06:58', 0),
(02201110002, 2, 100, '2022-01-01', '2.9', 80, '2023-02-03 18:05:58', '2023-02-03 18:06:58', 0),
(02201110003, 3, 100, '2022-01-01', '2.9', 80, '2023-02-03 18:05:58', '2023-02-03 18:06:58', 0),
(02201110004, 4, 100, '2022-01-01', '2.9', 80, '2023-02-03 18:05:58', '2023-02-03 18:06:58', 0),
(02201110005, 5, 100, '2022-01-01', '2.9', 80, '2023-02-03 18:05:58', '2023-02-03 18:06:58', 0),
(02201110006, 6, 100, '2022-01-01', '2.9', 80, '2023-02-03 18:05:58', '2023-02-03 18:06:58', 0),
(02201110007, 7, 100, '2022-01-01', '2.9', 80, '2023-02-03 18:05:58', '2023-02-03 18:06:58', 0),
(02201110008, 8, 100, '2022-01-01', '2.9', 80, '2023-02-03 18:05:58', '2023-02-03 18:06:58', 0),
(02201110009, 9, 100, '2022-01-01', '2.9', 80, '2023-02-03 18:05:58', '2023-02-03 18:06:58', 0),
(02201110010, 10, 100, '2022-01-01', '2.9', 80, '2023-02-03 18:05:58', '2023-02-03 18:06:58', 0),
(02201110011, 11, 100, '2022-01-01', '2.9', 80, '2023-02-03 18:05:58', '2023-02-03 18:06:58', 0),
(02201110012, 12, 100, '2022-01-01', '2.9', 80, '2023-02-03 18:05:58', '2023-02-03 18:06:58', 0),
(02201110013, 13, 100, '2022-01-01', '2.9', 80, '2023-02-03 18:05:58', '2023-02-03 18:06:58', 0),
(02201120002, 2, 100, '2022-01-01', '2.9', 69, '2023-02-03 18:05:58', '2023-02-03 18:06:58', 0),
(02201120003, 3, 100, '2022-01-01', '2.9', 69, '2023-02-03 18:05:58', '2023-02-03 18:06:58', 0),
(02201120004, 4, 100, '2022-01-01', '2.9', 69, '2023-02-03 18:05:58', '2023-02-03 18:06:58', 0),
(02201120005, 5, 100, '2022-01-01', '2.9', 69, '2023-02-03 18:05:58', '2023-02-03 18:06:58', 0),
(02201120006, 6, 100, '2022-01-01', '2.9', 69, '2023-02-03 18:05:58', '2023-02-03 18:06:58', 0),
(02201120007, 7, 100, '2022-01-01', '2.9', 69, '2023-02-03 18:05:58', '2023-02-03 18:06:58', 0),
(02201120008, 8, 100, '2022-01-01', '2.9', 69, '2023-02-03 18:05:58', '2023-02-03 18:06:58', 0),
(02201120009, 9, 100, '2022-01-01', '2.9', 69, '2023-02-03 18:05:58', '2023-02-03 18:06:58', 0),
(02201120010, 10, 100, '2022-01-01', '2.9', 69, '2023-02-03 18:05:58', '2023-02-03 18:06:58', 0),
(02201120011, 11, 100, '2022-01-01', '2.9', 69, '2023-02-03 18:05:58', '2023-02-03 18:06:58', 0),
(02201120012, 12, 100, '2022-01-01', '2.9', 69, '2023-02-03 18:05:58', '2023-02-03 18:06:58', 0),
(02201120013, 13, 100, '2022-01-01', '2.9', 69, '2023-02-03 18:05:58', '2023-02-03 18:06:58', 0),
(02201130002, 2, 100, '2022-01-01', '2', 73, '2023-02-03 18:05:58', '2023-02-03 18:06:58', 0),
(02201130003, 3, 100, '2022-01-01', '2', 73, '2023-02-03 18:05:58', '2023-02-03 18:06:58', 0),
(02201130004, 4, 100, '2022-01-01', '2', 73, '2023-02-03 18:05:58', '2023-02-03 18:06:58', 0),
(02201130005, 5, 100, '2022-01-01', '2', 73, '2023-02-03 18:05:58', '2023-02-03 18:06:58', 0),
(02201130006, 6, 100, '2022-01-01', '2', 73, '2023-02-03 18:05:58', '2023-02-03 18:06:58', 0),
(02201130007, 7, 100, '2022-01-01', '2', 73, '2023-02-03 18:05:58', '2023-02-03 18:06:58', 0),
(02201130008, 8, 100, '2022-01-01', '2', 73, '2023-02-03 18:05:58', '2023-02-03 18:06:58', 0),
(02201130009, 9, 100, '2022-01-01', '2', 73, '2023-02-03 18:05:58', '2023-02-03 18:06:58', 0),
(02201130010, 10, 100, '2022-01-01', '2', 73, '2023-02-03 18:05:58', '2023-02-03 18:06:58', 0),
(02201130011, 11, 100, '2022-01-01', '2', 73, '2023-02-03 18:05:58', '2023-02-03 18:06:58', 0),
(02201130012, 12, 100, '2022-01-01', '2', 73, '2023-02-03 18:05:58', '2023-02-03 18:06:58', 0),
(02201130013, 13, 100, '2022-01-01', '2', 73, '2023-02-03 18:05:58', '2023-02-03 18:06:58', 0),
(02201140002, 2, 100, '2022-01-01', '3.4', 77, '2023-02-03 18:05:58', '2023-02-03 18:06:58', 0),
(02201140003, 3, 100, '2022-01-01', '3.4', 77, '2023-02-03 18:05:58', '2023-02-03 18:06:58', 0),
(02201140004, 4, 100, '2022-01-01', '3.4', 77, '2023-02-03 18:05:58', '2023-02-03 18:06:58', 0),
(02201140005, 5, 100, '2022-01-01', '3.4', 77, '2023-02-03 18:05:58', '2023-02-03 18:06:58', 0),
(02201140006, 6, 100, '2022-01-01', '3.4', 77, '2023-02-03 18:05:58', '2023-02-03 18:06:58', 0),
(02201140007, 7, 100, '2022-01-01', '3.4', 77, '2023-02-03 18:05:58', '2023-02-03 18:06:58', 0),
(02201140008, 8, 100, '2022-01-01', '3.4', 77, '2023-02-03 18:05:58', '2023-02-03 18:06:58', 0),
(02201140009, 9, 100, '2022-01-01', '3.4', 77, '2023-02-03 18:05:58', '2023-02-03 18:06:58', 0),
(02201140010, 10, 100, '2022-01-01', '3.4', 77, '2023-02-03 18:05:58', '2023-02-03 18:06:58', 0),
(02201140011, 11, 100, '2022-01-01', '3.4', 77, '2023-02-03 18:05:58', '2023-02-03 18:06:58', 0),
(02201140012, 12, 100, '2022-01-01', '3.4', 77, '2023-02-03 18:05:58', '2023-02-03 18:06:58', 0),
(02201140013, 13, 100, '2022-01-01', '3.4', 77, '2023-02-03 18:05:58', '2023-02-03 18:06:58', 0),
(02201150002, 2, 100, '2022-01-01', '4.3', 64, '2023-02-03 18:05:58', '2023-02-03 18:06:58', 0),
(02201150003, 3, 100, '2022-01-01', '4.3', 64, '2023-02-03 18:05:58', '2023-02-03 18:06:58', 0),
(02201150004, 4, 100, '2022-01-01', '4.3', 64, '2023-02-03 18:05:58', '2023-02-03 18:06:58', 0),
(02201150005, 5, 100, '2022-01-01', '4.3', 64, '2023-02-03 18:05:58', '2023-02-03 18:06:58', 0),
(02201150006, 6, 100, '2022-01-01', '4.3', 64, '2023-02-03 18:05:58', '2023-02-03 18:06:58', 0),
(02201150007, 7, 100, '2022-01-01', '4.3', 64, '2023-02-03 18:05:58', '2023-02-03 18:06:58', 0),
(02201150008, 8, 100, '2022-01-01', '4.3', 64, '2023-02-03 18:05:58', '2023-02-03 18:06:58', 0),
(02201150009, 9, 100, '2022-01-01', '4.3', 64, '2023-02-03 18:05:58', '2023-02-03 18:06:58', 0),
(02201150010, 10, 100, '2022-01-01', '4.3', 64, '2023-02-03 18:05:58', '2023-02-03 18:06:58', 0),
(02201150011, 11, 100, '2022-01-01', '4.3', 64, '2023-02-03 18:05:58', '2023-02-03 18:06:58', 0),
(02201150012, 12, 100, '2022-01-01', '4.3', 64, '2023-02-03 18:05:58', '2023-02-03 18:06:58', 0),
(02201150013, 13, 100, '2022-01-01', '4.3', 64, '2023-02-03 18:05:58', '2023-02-03 18:06:58', 0),
(02201160002, 2, 100, '2022-01-01', '5.7', 71, '2023-02-03 18:05:58', '2023-02-03 18:06:58', 0),
(02201160003, 3, 100, '2022-01-01', '5.7', 71, '2023-02-03 18:05:58', '2023-02-03 18:06:58', 0),
(02201160004, 4, 100, '2022-01-01', '5.7', 71, '2023-02-03 18:05:58', '2023-02-03 18:06:58', 0),
(02201160005, 5, 100, '2022-01-01', '5.7', 71, '2023-02-03 18:05:58', '2023-02-03 18:06:58', 0),
(02201160006, 6, 100, '2022-01-01', '5.7', 71, '2023-02-03 18:05:58', '2023-02-03 18:06:58', 0),
(02201160007, 7, 100, '2022-01-01', '5.7', 71, '2023-02-03 18:05:58', '2023-02-03 18:06:58', 0),
(02201160008, 8, 100, '2022-01-01', '5.7', 71, '2023-02-03 18:05:58', '2023-02-03 18:06:58', 0),
(02201160009, 9, 100, '2022-01-01', '5.7', 71, '2023-02-03 18:05:58', '2023-02-03 18:06:58', 0),
(02201160010, 10, 100, '2022-01-01', '5.7', 71, '2023-02-03 18:05:58', '2023-02-03 18:06:58', 0),
(02201160011, 11, 100, '2022-01-01', '5.7', 71, '2023-02-03 18:05:58', '2023-02-03 18:06:58', 0),
(02201160012, 12, 100, '2022-01-01', '5.7', 71, '2023-02-03 18:05:58', '2023-02-03 18:06:58', 0),
(02201160013, 13, 100, '2022-01-01', '5.7', 71, '2023-02-03 18:05:58', '2023-02-03 18:06:58', 0),
(02201170002, 2, 100, '2022-01-01', '2.5', 70, '2023-02-03 18:05:58', '2023-02-03 18:06:58', 0),
(02201170003, 3, 100, '2022-01-01', '2.5', 70, '2023-02-03 18:05:58', '2023-02-03 18:06:58', 0),
(02201170004, 4, 100, '2022-01-01', '2.5', 70, '2023-02-03 18:05:58', '2023-02-03 18:06:58', 0),
(02201170005, 5, 100, '2022-01-01', '2.5', 70, '2023-02-03 18:05:58', '2023-02-03 18:06:58', 0),
(02201170006, 6, 100, '2022-01-01', '2.5', 70, '2023-02-03 18:05:58', '2023-02-03 18:06:58', 0),
(02201170007, 7, 100, '2022-01-01', '2.5', 70, '2023-02-03 18:05:58', '2023-02-03 18:06:58', 0),
(02201170008, 8, 100, '2022-01-01', '2.5', 70, '2023-02-03 18:05:58', '2023-02-03 18:06:58', 0),
(02201170009, 9, 100, '2022-01-01', '2.5', 70, '2023-02-03 18:05:58', '2023-02-03 18:06:58', 0),
(02201170010, 10, 100, '2022-01-01', '2.5', 70, '2023-02-03 18:05:58', '2023-02-03 18:06:58', 0),
(02201170011, 11, 100, '2022-01-01', '2.5', 70, '2023-02-03 18:05:58', '2023-02-03 18:06:58', 0),
(02201170012, 12, 100, '2022-01-01', '2.5', 70, '2023-02-03 18:05:58', '2023-02-03 18:06:58', 0),
(02201170013, 13, 100, '2022-01-01', '2.5', 70, '2023-02-03 18:05:58', '2023-02-03 18:06:58', 0),
(02201180002, 2, 100, '2022-01-01', '2.1', 71, '2023-02-03 18:05:58', '2023-02-03 18:06:58', 0),
(02201180003, 3, 100, '2022-01-01', '2.1', 71, '2023-02-03 18:05:58', '2023-02-03 18:06:58', 0),
(02201180004, 4, 100, '2022-01-01', '2.1', 71, '2023-02-03 18:05:58', '2023-02-03 18:06:58', 0),
(02201180005, 5, 100, '2022-01-01', '2.1', 71, '2023-02-03 18:05:58', '2023-02-03 18:06:58', 0),
(02201180006, 6, 100, '2022-01-01', '2.1', 71, '2023-02-03 18:05:58', '2023-02-03 18:06:58', 0),
(02201180007, 7, 100, '2022-01-01', '2.1', 71, '2023-02-03 18:05:58', '2023-02-03 18:06:58', 0),
(02201180008, 8, 100, '2022-01-01', '2.1', 71, '2023-02-03 18:05:58', '2023-02-03 18:06:58', 0),
(02201180009, 9, 100, '2022-01-01', '2.1', 71, '2023-02-03 18:05:58', '2023-02-03 18:06:58', 0),
(02201180010, 10, 100, '2022-01-01', '2.1', 71, '2023-02-03 18:05:58', '2023-02-03 18:06:58', 0),
(02201180011, 11, 100, '2022-01-01', '2.1', 71, '2023-02-03 18:05:58', '2023-02-03 18:06:58', 0),
(02201180012, 12, 100, '2022-01-01', '2.1', 71, '2023-02-03 18:05:58', '2023-02-03 18:06:58', 0),
(02201180013, 13, 100, '2022-01-01', '2.1', 71, '2023-02-03 18:05:58', '2023-02-03 18:06:58', 0),
(02201190002, 2, 100, '2022-01-01', '2.5', 69, '2023-02-03 18:05:58', '2023-02-03 18:06:58', 0),
(02201190003, 3, 100, '2022-01-01', '2.5', 69, '2023-02-03 18:05:58', '2023-02-03 18:06:58', 0),
(02201190004, 4, 100, '2022-01-01', '2.5', 69, '2023-02-03 18:05:58', '2023-02-03 18:06:58', 0),
(02201190005, 5, 100, '2022-01-01', '2.5', 69, '2023-02-03 18:05:58', '2023-02-03 18:06:58', 0),
(02201190006, 6, 100, '2022-01-01', '2.5', 69, '2023-02-03 18:05:58', '2023-02-03 18:06:58', 0),
(02201190007, 7, 100, '2022-01-01', '2.5', 69, '2023-02-03 18:05:58', '2023-02-03 18:06:58', 0),
(02201190008, 8, 100, '2022-01-01', '2.5', 69, '2023-02-03 18:05:58', '2023-02-03 18:06:58', 0),
(02201190009, 9, 100, '2022-01-01', '2.5', 69, '2023-02-03 18:05:58', '2023-02-03 18:06:58', 0),
(02201190010, 10, 100, '2022-01-01', '2.5', 69, '2023-02-03 18:05:58', '2023-02-03 18:06:58', 0),
(02201190011, 11, 100, '2022-01-01', '2.5', 69, '2023-02-03 18:05:58', '2023-02-03 18:06:58', 0),
(02201190012, 12, 100, '2022-01-01', '2.5', 69, '2023-02-03 18:05:58', '2023-02-03 18:06:58', 0),
(02201190013, 13, 100, '2022-01-01', '2.5', 69, '2023-02-03 18:05:58', '2023-02-03 18:06:58', 0),
(02201200002, 2, 100, '2022-01-01', '2.1', 72, '2023-02-03 18:05:58', '2023-02-03 18:06:58', 0),
(02201200003, 3, 100, '2022-01-01', '2.1', 72, '2023-02-03 18:05:58', '2023-02-03 18:06:58', 0),
(02201200004, 4, 100, '2022-01-01', '2.1', 72, '2023-02-03 18:05:58', '2023-02-03 18:06:58', 0),
(02201200005, 5, 100, '2022-01-01', '2.1', 72, '2023-02-03 18:05:58', '2023-02-03 18:06:58', 0),
(02201200006, 6, 100, '2022-01-01', '2.1', 72, '2023-02-03 18:05:58', '2023-02-03 18:06:58', 0),
(02201200007, 7, 100, '2022-01-01', '2.1', 72, '2023-02-03 18:05:58', '2023-02-03 18:06:58', 0),
(02201200008, 8, 100, '2022-01-01', '2.1', 72, '2023-02-03 18:05:58', '2023-02-03 18:06:58', 0),
(02201200009, 9, 100, '2022-01-01', '2.1', 72, '2023-02-03 18:05:58', '2023-02-03 18:06:58', 0),
(02201200010, 10, 100, '2022-01-01', '2.1', 72, '2023-02-03 18:05:58', '2023-02-03 18:06:58', 0),
(02201200011, 11, 100, '2022-01-01', '2.1', 72, '2023-02-03 18:05:58', '2023-02-03 18:06:58', 0),
(02201200012, 12, 100, '2022-01-01', '2.1', 72, '2023-02-03 18:05:58', '2023-02-03 18:06:58', 0),
(02201200013, 13, 100, '2022-01-01', '2.1', 72, '2023-02-03 18:05:58', '2023-02-03 18:06:58', 0),
(02201210002, 2, 100, '2022-01-01', '2.8', 56, '2023-02-03 18:05:58', '2023-02-03 18:06:58', 0),
(02201210003, 3, 100, '2022-01-01', '2.8', 56, '2023-02-03 18:05:58', '2023-02-03 18:06:58', 0),
(02201210004, 4, 100, '2022-01-01', '2.8', 56, '2023-02-03 18:05:58', '2023-02-03 18:06:58', 0),
(02201210005, 5, 100, '2022-01-01', '2.8', 56, '2023-02-03 18:05:58', '2023-02-03 18:06:58', 0),
(02201210006, 6, 100, '2022-01-01', '2.8', 56, '2023-02-03 18:05:58', '2023-02-03 18:06:58', 0),
(02201210007, 7, 100, '2022-01-01', '2.8', 56, '2023-02-03 18:05:58', '2023-02-03 18:06:58', 0),
(02201210008, 8, 100, '2022-01-01', '2.8', 56, '2023-02-03 18:05:58', '2023-02-03 18:06:58', 0),
(02201210009, 9, 100, '2022-01-01', '2.8', 56, '2023-02-03 18:05:58', '2023-02-03 18:06:58', 0),
(02201210010, 10, 100, '2022-01-01', '2.8', 56, '2023-02-03 18:05:58', '2023-02-03 18:06:58', 0),
(02201210011, 11, 100, '2022-01-01', '2.8', 56, '2023-02-03 18:05:58', '2023-02-03 18:06:58', 0),
(02201210012, 12, 100, '2022-01-01', '2.8', 56, '2023-02-03 18:05:58', '2023-02-03 18:06:58', 0),
(02201210013, 13, 100, '2022-01-01', '2.8', 56, '2023-02-03 18:05:58', '2023-02-03 18:06:58', 0),
(02201220002, 2, 100, '2022-01-01', '2', 55, '2023-02-03 18:05:58', '2023-02-03 18:06:58', 0),
(02201220003, 3, 100, '2022-01-01', '2', 55, '2023-02-03 18:05:58', '2023-02-03 18:06:58', 0),
(02201220004, 4, 100, '2022-01-01', '2', 55, '2023-02-03 18:05:58', '2023-02-03 18:06:58', 0),
(02201220005, 5, 100, '2022-01-01', '2', 55, '2023-02-03 18:05:58', '2023-02-03 18:06:58', 0),
(02201220006, 6, 100, '2022-01-01', '2', 55, '2023-02-03 18:05:58', '2023-02-03 18:06:58', 0),
(02201220007, 7, 100, '2022-01-01', '2', 55, '2023-02-03 18:05:58', '2023-02-03 18:06:58', 0),
(02201220008, 8, 100, '2022-01-01', '2', 55, '2023-02-03 18:05:58', '2023-02-03 18:06:58', 0),
(02201220009, 9, 100, '2022-01-01', '2', 55, '2023-02-03 18:05:58', '2023-02-03 18:06:58', 0),
(02201220010, 10, 100, '2022-01-01', '2', 55, '2023-02-03 18:05:58', '2023-02-03 18:06:58', 0),
(02201220011, 11, 100, '2022-01-01', '2', 55, '2023-02-03 18:05:58', '2023-02-03 18:06:58', 0),
(02201220012, 12, 100, '2022-01-01', '2', 55, '2023-02-03 18:05:58', '2023-02-03 18:06:58', 0),
(02201220013, 13, 100, '2022-01-01', '2', 55, '2023-02-03 18:05:58', '2023-02-03 18:06:58', 0),
(02201230002, 2, 100, '2022-01-01', '5.6', 80, '2023-02-03 18:05:58', '2023-02-03 18:06:58', 0),
(02201230003, 3, 100, '2022-01-01', '5.6', 80, '2023-02-03 18:05:58', '2023-02-03 18:06:58', 0),
(02201230004, 4, 100, '2022-01-01', '5.6', 80, '2023-02-03 18:05:58', '2023-02-03 18:06:58', 0),
(02201230005, 5, 100, '2022-01-01', '5.6', 80, '2023-02-03 18:05:58', '2023-02-03 18:06:58', 0),
(02201230006, 6, 100, '2022-01-01', '5.6', 80, '2023-02-03 18:05:58', '2023-02-03 18:06:58', 0),
(02201230007, 7, 100, '2022-01-01', '5.6', 80, '2023-02-03 18:05:58', '2023-02-03 18:06:58', 0),
(02201230008, 8, 100, '2022-01-01', '5.6', 80, '2023-02-03 18:05:58', '2023-02-03 18:06:58', 0),
(02201230009, 9, 100, '2022-01-01', '5.6', 80, '2023-02-03 18:05:58', '2023-02-03 18:06:58', 0),
(02201230010, 10, 100, '2022-01-01', '5.6', 80, '2023-02-03 18:05:58', '2023-02-03 18:06:58', 0),
(02201230011, 11, 100, '2022-01-01', '5.6', 80, '2023-02-03 18:05:58', '2023-02-03 18:06:58', 0),
(02201230012, 12, 100, '2022-01-01', '5.6', 80, '2023-02-03 18:05:58', '2023-02-03 18:06:58', 0),
(02201230013, 13, 100, '2022-01-01', '5.6', 80, '2023-02-03 18:05:58', '2023-02-03 18:06:58', 0),
(02201240002, 2, 100, '2022-01-01', '5.9', 69, '2023-02-03 18:05:58', '2023-02-03 18:06:58', 0),
(02201240003, 3, 100, '2022-01-01', '5.9', 69, '2023-02-03 18:05:58', '2023-02-03 18:06:58', 0),
(02201240004, 4, 100, '2022-01-01', '5.9', 69, '2023-02-03 18:05:58', '2023-02-03 18:06:58', 0),
(02201240005, 5, 100, '2022-01-01', '5.9', 69, '2023-02-03 18:05:58', '2023-02-03 18:06:58', 0),
(02201240006, 6, 100, '2022-01-01', '5.9', 69, '2023-02-03 18:05:58', '2023-02-03 18:06:58', 0),
(02201240007, 7, 100, '2022-01-01', '5.9', 69, '2023-02-03 18:05:58', '2023-02-03 18:06:58', 0),
(02201240008, 8, 100, '2022-01-01', '5.9', 69, '2023-02-03 18:05:58', '2023-02-03 18:06:58', 0),
(02201240009, 9, 100, '2022-01-01', '5.9', 69, '2023-02-03 18:05:58', '2023-02-03 18:06:58', 0),
(02201240010, 10, 100, '2022-01-01', '5.9', 69, '2023-02-03 18:05:58', '2023-02-03 18:06:58', 0),
(02201240011, 11, 100, '2022-01-01', '5.9', 69, '2023-02-03 18:05:58', '2023-02-03 18:06:58', 0),
(02201240012, 12, 100, '2022-01-01', '5.9', 69, '2023-02-03 18:05:58', '2023-02-03 18:06:58', 0),
(02201240013, 13, 100, '2022-01-01', '5.9', 69, '2023-02-03 18:05:58', '2023-02-03 18:06:58', 0),
(02201250002, 2, 100, '2022-01-01', '6.9', 57, '2023-02-03 18:05:58', '2023-02-03 18:06:58', 0),
(02201250003, 3, 100, '2022-01-01', '6.9', 57, '2023-02-03 18:05:58', '2023-02-03 18:06:58', 0),
(02201250004, 4, 100, '2022-01-01', '6.9', 57, '2023-02-03 18:05:58', '2023-02-03 18:06:58', 0),
(02201250005, 5, 100, '2022-01-01', '6.9', 57, '2023-02-03 18:05:58', '2023-02-03 18:06:58', 0),
(02201250006, 6, 100, '2022-01-01', '6.9', 57, '2023-02-03 18:05:58', '2023-02-03 18:06:58', 0),
(02201250007, 7, 100, '2022-01-01', '6.9', 57, '2023-02-03 18:05:58', '2023-02-03 18:06:58', 0),
(02201250008, 8, 100, '2022-01-01', '6.9', 57, '2023-02-03 18:05:58', '2023-02-03 18:06:58', 0),
(02201250009, 9, 100, '2022-01-01', '6.9', 57, '2023-02-03 18:05:58', '2023-02-03 18:06:58', 0),
(02201250010, 10, 100, '2022-01-01', '6.9', 57, '2023-02-03 18:05:58', '2023-02-03 18:06:58', 0),
(02201250011, 11, 100, '2022-01-01', '6.9', 57, '2023-02-03 18:05:58', '2023-02-03 18:06:58', 0),
(02201250012, 12, 100, '2022-01-01', '6.9', 57, '2023-02-03 18:05:58', '2023-02-03 18:06:58', 0),
(02201250013, 13, 100, '2022-01-01', '6.9', 57, '2023-02-03 18:05:58', '2023-02-03 18:06:58', 0),
(02201260002, 2, 100, '2022-01-01', '7', 67, '2023-02-03 18:05:58', '2023-02-03 18:06:58', 0),
(02201260003, 3, 100, '2022-01-01', '7', 67, '2023-02-03 18:05:58', '2023-02-03 18:06:58', 0),
(02201260004, 4, 100, '2022-01-01', '7', 67, '2023-02-03 18:05:58', '2023-02-03 18:06:58', 0),
(02201260005, 5, 100, '2022-01-01', '7', 67, '2023-02-03 18:05:58', '2023-02-03 18:06:58', 0),
(02201260006, 6, 100, '2022-01-01', '7', 67, '2023-02-03 18:05:58', '2023-02-03 18:06:58', 0),
(02201260007, 7, 100, '2022-01-01', '7', 67, '2023-02-03 18:05:58', '2023-02-03 18:06:58', 0),
(02201260008, 8, 100, '2022-01-01', '7', 67, '2023-02-03 18:05:58', '2023-02-03 18:06:58', 0),
(02201260009, 9, 100, '2022-01-01', '7', 67, '2023-02-03 18:05:58', '2023-02-03 18:06:58', 0),
(02201260010, 10, 100, '2022-01-01', '7', 67, '2023-02-03 18:05:58', '2023-02-03 18:06:58', 0),
(02201260011, 11, 100, '2022-01-01', '7', 67, '2023-02-03 18:05:58', '2023-02-03 18:06:58', 0),
(02201260012, 12, 100, '2022-01-01', '7', 67, '2023-02-03 18:05:58', '2023-02-03 18:06:58', 0),
(02201260013, 13, 100, '2022-01-01', '7', 67, '2023-02-03 18:05:58', '2023-02-03 18:06:58', 0),
(02201270002, 2, 100, '2022-01-01', '5.8', 48, '2023-02-03 18:05:58', '2023-02-03 18:06:58', 0),
(02201270003, 3, 100, '2022-01-01', '5.8', 48, '2023-02-03 18:05:58', '2023-02-03 18:06:58', 0),
(02201270004, 4, 100, '2022-01-01', '5.8', 48, '2023-02-03 18:05:58', '2023-02-03 18:06:58', 0),
(02201270005, 5, 100, '2022-01-01', '5.8', 48, '2023-02-03 18:05:58', '2023-02-03 18:06:58', 0),
(02201270006, 6, 100, '2022-01-01', '5.8', 48, '2023-02-03 18:05:58', '2023-02-03 18:06:58', 0),
(02201270007, 7, 100, '2022-01-01', '5.8', 48, '2023-02-03 18:05:58', '2023-02-03 18:06:58', 0),
(02201270008, 8, 100, '2022-01-01', '5.8', 48, '2023-02-03 18:05:58', '2023-02-03 18:06:58', 0),
(02201270009, 9, 100, '2022-01-01', '5.8', 48, '2023-02-03 18:05:58', '2023-02-03 18:06:58', 0),
(02201270010, 10, 100, '2022-01-01', '5.8', 48, '2023-02-03 18:05:58', '2023-02-03 18:06:58', 0),
(02201270011, 11, 100, '2022-01-01', '5.8', 48, '2023-02-03 18:05:58', '2023-02-03 18:06:58', 0),
(02201270012, 12, 100, '2022-01-01', '5.8', 48, '2023-02-03 18:05:58', '2023-02-03 18:06:58', 0),
(02201270013, 13, 100, '2022-01-01', '5.8', 48, '2023-02-03 18:05:58', '2023-02-03 18:06:58', 0),
(02201280002, 2, 100, '2022-01-01', '5.5', 54, '2023-02-03 18:05:58', '2023-02-03 18:06:58', 0),
(02201280003, 3, 100, '2022-01-01', '5.5', 54, '2023-02-03 18:05:58', '2023-02-03 18:06:58', 0),
(02201280004, 4, 100, '2022-01-01', '5.5', 54, '2023-02-03 18:05:58', '2023-02-03 18:06:58', 0),
(02201280005, 5, 100, '2022-01-01', '5.5', 54, '2023-02-03 18:05:58', '2023-02-03 18:06:58', 0),
(02201280006, 6, 100, '2022-01-01', '5.5', 54, '2023-02-03 18:05:58', '2023-02-03 18:06:58', 0),
(02201280007, 7, 100, '2022-01-01', '5.5', 54, '2023-02-03 18:05:58', '2023-02-03 18:06:58', 0),
(02201280008, 8, 100, '2022-01-01', '5.5', 54, '2023-02-03 18:05:58', '2023-02-03 18:06:58', 0),
(02201280009, 9, 100, '2022-01-01', '5.5', 54, '2023-02-03 18:05:58', '2023-02-03 18:06:58', 0),
(02201280010, 10, 100, '2022-01-01', '5.5', 54, '2023-02-03 18:05:58', '2023-02-03 18:06:58', 0),
(02201280011, 11, 100, '2022-01-01', '5.5', 54, '2023-02-03 18:05:58', '2023-02-03 18:06:58', 0),
(02201280012, 12, 100, '2022-01-01', '5.5', 54, '2023-02-03 18:05:58', '2023-02-03 18:06:58', 0),
(02201280013, 13, 100, '2022-01-01', '5.5', 54, '2023-02-03 18:05:58', '2023-02-03 18:06:58', 0),
(02201290002, 2, 100, '2022-01-01', '4.8', 63, '2023-02-03 18:05:58', '2023-02-03 18:06:58', 0),
(02201290003, 3, 100, '2022-01-01', '4.8', 63, '2023-02-03 18:05:58', '2023-02-03 18:06:58', 0),
(02201290004, 4, 100, '2022-01-01', '4.8', 63, '2023-02-03 18:05:58', '2023-02-03 18:06:58', 0),
(02201290005, 5, 100, '2022-01-01', '4.8', 63, '2023-02-03 18:05:58', '2023-02-03 18:06:58', 0),
(02201290006, 6, 100, '2022-01-01', '4.8', 63, '2023-02-03 18:05:58', '2023-02-03 18:06:58', 0),
(02201290007, 7, 100, '2022-01-01', '4.8', 63, '2023-02-03 18:05:58', '2023-02-03 18:06:58', 0),
(02201290008, 8, 100, '2022-01-01', '4.8', 63, '2023-02-03 18:05:58', '2023-02-03 18:06:58', 0),
(02201290009, 9, 100, '2022-01-01', '4.8', 63, '2023-02-03 18:05:58', '2023-02-03 18:06:58', 0),
(02201290010, 10, 100, '2022-01-01', '4.8', 63, '2023-02-03 18:05:58', '2023-02-03 18:06:58', 0),
(02201290011, 11, 100, '2022-01-01', '4.8', 63, '2023-02-03 18:05:58', '2023-02-03 18:06:58', 0),
(02201290012, 12, 100, '2022-01-01', '4.8', 63, '2023-02-03 18:05:58', '2023-02-03 18:06:58', 0),
(02201290013, 13, 100, '2022-01-01', '4.8', 63, '2023-02-03 18:05:58', '2023-02-03 18:06:58', 0),
(02201300002, 2, 100, '2022-01-01', '4.6', 62, '2023-02-03 18:05:58', '2023-02-03 18:06:58', 0),
(02201300003, 3, 100, '2022-01-01', '4.6', 62, '2023-02-03 18:05:58', '2023-02-03 18:06:58', 0),
(02201300004, 4, 100, '2022-01-01', '4.6', 62, '2023-02-03 18:05:58', '2023-02-03 18:06:58', 0),
(02201300005, 5, 100, '2022-01-01', '4.6', 62, '2023-02-03 18:05:58', '2023-02-03 18:06:58', 0),
(02201300006, 6, 100, '2022-01-01', '4.6', 62, '2023-02-03 18:05:58', '2023-02-03 18:06:58', 0),
(02201300007, 7, 100, '2022-01-01', '4.6', 62, '2023-02-03 18:05:58', '2023-02-03 18:06:58', 0),
(02201300008, 8, 100, '2022-01-01', '4.6', 62, '2023-02-03 18:05:58', '2023-02-03 18:06:58', 0),
(02201300009, 9, 100, '2022-01-01', '4.6', 62, '2023-02-03 18:05:58', '2023-02-03 18:06:58', 0),
(02201300010, 10, 100, '2022-01-01', '4.6', 62, '2023-02-03 18:05:58', '2023-02-03 18:06:58', 0),
(02201300011, 11, 100, '2022-01-01', '4.6', 62, '2023-02-03 18:05:58', '2023-02-03 18:06:58', 0),
(02201300012, 12, 100, '2022-01-01', '4.6', 62, '2023-02-03 18:05:58', '2023-02-03 18:06:58', 0),
(02201300013, 13, 100, '2022-01-01', '4.6', 62, '2023-02-03 18:05:58', '2023-02-03 18:06:58', 0),
(02201310002, 2, 100, '2022-01-01', '4.5', 50, '2023-02-03 18:05:58', '2023-02-03 18:06:58', 0),
(02201310003, 3, 100, '2022-01-01', '4.5', 50, '2023-02-03 18:05:58', '2023-02-03 18:06:58', 0),
(02201310004, 4, 100, '2022-01-01', '4.5', 50, '2023-02-03 18:05:58', '2023-02-03 18:06:58', 0),
(02201310005, 5, 100, '2022-01-01', '4.5', 50, '2023-02-03 18:05:58', '2023-02-03 18:06:58', 0),
(02201310006, 6, 100, '2022-01-01', '4.5', 50, '2023-02-03 18:05:58', '2023-02-03 18:06:58', 0),
(02201310007, 7, 100, '2022-01-01', '4.5', 50, '2023-02-03 18:05:58', '2023-02-03 18:06:58', 0),
(02201310008, 8, 100, '2022-01-01', '4.5', 50, '2023-02-03 18:05:58', '2023-02-03 18:06:58', 0),
(02201310009, 9, 100, '2022-01-01', '4.5', 50, '2023-02-03 18:05:58', '2023-02-03 18:06:58', 0),
(02201310010, 10, 100, '2022-01-01', '4.5', 50, '2023-02-03 18:05:58', '2023-02-03 18:06:58', 0),
(02201310011, 11, 100, '2022-01-01', '4.5', 50, '2023-02-03 18:05:58', '2023-02-03 18:06:58', 0),
(02201310012, 12, 100, '2022-01-01', '4.5', 50, '2023-02-03 18:05:58', '2023-02-03 18:06:58', 0),
(02201310013, 13, 100, '2022-01-01', '4.5', 50, '2023-02-03 18:05:58', '2023-02-03 18:06:58', 0),
(02202010002, 2, 100, '2022-01-01', '5.1', 63, '2023-02-03 18:05:58', '2023-02-03 18:06:58', 0),
(02202010003, 3, 100, '2022-01-01', '5.1', 63, '2023-02-03 18:05:58', '2023-02-03 18:06:58', 0),
(02202010004, 4, 100, '2022-01-01', '5.1', 63, '2023-02-03 18:05:58', '2023-02-03 18:06:58', 0),
(02202010005, 5, 100, '2022-01-01', '5.1', 63, '2023-02-03 18:05:58', '2023-02-03 18:06:58', 0),
(02202010006, 6, 100, '2022-01-01', '5.1', 63, '2023-02-03 18:05:58', '2023-02-03 18:06:58', 0),
(02202010007, 7, 100, '2022-01-01', '5.1', 63, '2023-02-03 18:05:58', '2023-02-03 18:06:58', 0),
(02202010008, 8, 100, '2022-01-01', '5.1', 63, '2023-02-03 18:05:58', '2023-02-03 18:06:58', 0),
(02202010009, 9, 100, '2022-01-01', '5.1', 63, '2023-02-03 18:05:58', '2023-02-03 18:06:58', 0),
(02202010010, 10, 100, '2022-01-01', '5.1', 63, '2023-02-03 18:05:58', '2023-02-03 18:06:58', 0),
(02202010011, 11, 100, '2022-01-01', '5.1', 63, '2023-02-03 18:05:58', '2023-02-03 18:06:58', 0),
(02202010012, 12, 100, '2022-01-01', '5.1', 63, '2023-02-03 18:05:58', '2023-02-03 18:06:58', 0),
(02202010013, 13, 100, '2022-01-01', '5.1', 63, '2023-02-03 18:05:58', '2023-02-03 18:06:58', 0),
(02202020002, 2, 100, '2022-01-01', '4.6', 67, '2023-02-03 18:05:58', '2023-02-03 18:06:58', 0),
(02202020003, 3, 100, '2022-01-01', '4.6', 67, '2023-02-03 18:05:58', '2023-02-03 18:06:58', 0),
(02202020004, 4, 100, '2022-01-01', '4.6', 67, '2023-02-03 18:05:58', '2023-02-03 18:06:58', 0),
(02202020005, 5, 100, '2022-01-01', '4.6', 67, '2023-02-03 18:05:58', '2023-02-03 18:06:58', 0),
(02202020006, 6, 100, '2022-01-01', '4.6', 67, '2023-02-03 18:05:58', '2023-02-03 18:06:58', 0),
(02202020007, 7, 100, '2022-01-01', '4.6', 67, '2023-02-03 18:05:58', '2023-02-03 18:06:58', 0),
(02202020008, 8, 100, '2022-01-01', '4.6', 67, '2023-02-03 18:05:58', '2023-02-03 18:06:58', 0),
(02202020009, 9, 100, '2022-01-01', '4.6', 67, '2023-02-03 18:05:58', '2023-02-03 18:06:58', 0),
(02202020010, 10, 100, '2022-01-01', '4.6', 67, '2023-02-03 18:05:58', '2023-02-03 18:06:58', 0),
(02202020011, 11, 100, '2022-01-01', '4.6', 67, '2023-02-03 18:05:58', '2023-02-03 18:06:58', 0),
(02202020012, 12, 100, '2022-01-01', '4.6', 67, '2023-02-03 18:05:58', '2023-02-03 18:06:58', 0),
(02202020013, 13, 100, '2022-01-01', '4.6', 67, '2023-02-03 18:05:58', '2023-02-03 18:06:58', 0),
(02202030002, 2, 100, '2022-01-01', '4.6', 68, '2023-02-03 18:05:58', '2023-02-03 18:06:58', 0),
(02202030003, 3, 100, '2022-01-01', '4.6', 68, '2023-02-03 18:05:58', '2023-02-03 18:06:58', 0),
(02202030004, 4, 100, '2022-01-01', '4.6', 68, '2023-02-03 18:05:58', '2023-02-03 18:06:58', 0),
(02202030005, 5, 100, '2022-01-01', '4.6', 68, '2023-02-03 18:05:58', '2023-02-03 18:06:58', 0),
(02202030006, 6, 100, '2022-01-01', '4.6', 68, '2023-02-03 18:05:58', '2023-02-03 18:06:58', 0),
(02202030007, 7, 100, '2022-01-01', '4.6', 68, '2023-02-03 18:05:58', '2023-02-03 18:06:58', 0),
(02202030008, 8, 100, '2022-01-01', '4.6', 68, '2023-02-03 18:05:58', '2023-02-03 18:06:58', 0),
(02202030009, 9, 100, '2022-01-01', '4.6', 68, '2023-02-03 18:05:58', '2023-02-03 18:06:58', 0),
(02202030010, 10, 100, '2022-01-01', '4.6', 68, '2023-02-03 18:05:58', '2023-02-03 18:06:58', 0),
(02202030011, 11, 100, '2022-01-01', '4.6', 68, '2023-02-03 18:05:58', '2023-02-03 18:06:58', 0),
(02202030012, 12, 100, '2022-01-01', '4.6', 68, '2023-02-03 18:05:58', '2023-02-03 18:06:58', 0),
(02202030013, 13, 100, '2022-01-01', '4.6', 68, '2023-02-03 18:05:58', '2023-02-03 18:06:58', 0),
(02202040002, 2, 100, '2022-01-01', '4.8', 64, '2023-02-03 18:05:58', '2023-02-03 18:06:58', 0),
(02202040003, 3, 100, '2022-01-01', '4.8', 64, '2023-02-03 18:05:58', '2023-02-03 18:06:58', 0),
(02202040004, 4, 100, '2022-01-01', '4.8', 64, '2023-02-03 18:05:58', '2023-02-03 18:06:58', 0),
(02202040005, 5, 100, '2022-01-01', '4.8', 64, '2023-02-03 18:05:58', '2023-02-03 18:06:58', 0),
(02202040006, 6, 100, '2022-01-01', '4.8', 64, '2023-02-03 18:05:58', '2023-02-03 18:06:58', 0),
(02202040007, 7, 100, '2022-01-01', '4.8', 64, '2023-02-03 18:05:58', '2023-02-03 18:06:58', 0),
(02202040008, 8, 100, '2022-01-01', '4.8', 64, '2023-02-03 18:05:58', '2023-02-03 18:06:58', 0),
(02202040009, 9, 100, '2022-01-01', '4.8', 64, '2023-02-03 18:05:58', '2023-02-03 18:06:58', 0),
(02202040010, 10, 100, '2022-01-01', '4.8', 64, '2023-02-03 18:05:58', '2023-02-03 18:06:58', 0),
(02202040011, 11, 100, '2022-01-01', '4.8', 64, '2023-02-03 18:05:58', '2023-02-03 18:06:58', 0),
(02202040012, 12, 100, '2022-01-01', '4.8', 64, '2023-02-03 18:05:58', '2023-02-03 18:06:58', 0),
(02202040013, 13, 100, '2022-01-01', '4.8', 64, '2023-02-03 18:05:58', '2023-02-03 18:06:58', 0),
(02202050002, 2, 100, '2022-01-01', '1.6', 83, '2023-02-03 18:05:58', '2023-02-03 18:06:58', 0),
(02202050003, 3, 100, '2022-01-01', '1.6', 83, '2023-02-03 18:05:58', '2023-02-03 18:06:58', 0),
(02202050004, 4, 100, '2022-01-01', '1.6', 83, '2023-02-03 18:05:58', '2023-02-03 18:06:58', 0),
(02202050005, 5, 100, '2022-01-01', '1.6', 83, '2023-02-03 18:05:58', '2023-02-03 18:06:58', 0),
(02202050006, 6, 100, '2022-01-01', '1.6', 83, '2023-02-03 18:05:58', '2023-02-03 18:06:58', 0),
(02202050007, 7, 100, '2022-01-01', '1.6', 83, '2023-02-03 18:05:58', '2023-02-03 18:06:58', 0),
(02202050008, 8, 100, '2022-01-01', '1.6', 83, '2023-02-03 18:05:58', '2023-02-03 18:06:58', 0),
(02202050009, 9, 100, '2022-01-01', '1.6', 83, '2023-02-03 18:05:58', '2023-02-03 18:06:58', 0),
(02202050010, 10, 100, '2022-01-01', '1.6', 83, '2023-02-03 18:05:58', '2023-02-03 18:06:58', 0),
(02202050011, 11, 100, '2022-01-01', '1.6', 83, '2023-02-03 18:05:58', '2023-02-03 18:06:58', 0),
(02202050012, 12, 100, '2022-01-01', '1.6', 83, '2023-02-03 18:05:58', '2023-02-03 18:06:58', 0),
(02202050013, 13, 100, '2022-01-01', '1.6', 83, '2023-02-03 18:05:58', '2023-02-03 18:06:58', 0),
(02202060002, 2, 100, '2022-01-01', '0.9', 87, '2023-02-03 18:05:58', '2023-02-03 18:06:58', 0),
(02202060003, 3, 100, '2022-01-01', '0.9', 87, '2023-02-03 18:05:58', '2023-02-03 18:06:58', 0),
(02202060004, 4, 100, '2022-01-01', '0.9', 87, '2023-02-03 18:05:58', '2023-02-03 18:06:58', 0),
(02202060005, 5, 100, '2022-01-01', '0.9', 87, '2023-02-03 18:05:58', '2023-02-03 18:06:58', 0),
(02202060006, 6, 100, '2022-01-01', '0.9', 87, '2023-02-03 18:05:58', '2023-02-03 18:06:58', 0),
(02202060007, 7, 100, '2022-01-01', '0.9', 87, '2023-02-03 18:05:58', '2023-02-03 18:06:58', 0),
(02202060008, 8, 100, '2022-01-01', '0.9', 87, '2023-02-03 18:05:58', '2023-02-03 18:06:58', 0),
(02202060009, 9, 100, '2022-01-01', '0.9', 87, '2023-02-03 18:05:58', '2023-02-03 18:06:58', 0),
(02202060010, 10, 100, '2022-01-01', '0.9', 87, '2023-02-03 18:05:58', '2023-02-03 18:06:58', 0),
(02202060011, 11, 100, '2022-01-01', '0.9', 87, '2023-02-03 18:05:58', '2023-02-03 18:06:58', 0),
(02202060012, 12, 100, '2022-01-01', '0.9', 87, '2023-02-03 18:05:58', '2023-02-03 18:06:58', 0),
(02202060013, 13, 100, '2022-01-01', '0.9', 87, '2023-02-03 18:05:58', '2023-02-03 18:06:58', 0),
(02202070002, 2, 100, '2022-01-01', '2.7', 71, '2023-02-03 18:05:58', '2023-02-03 18:06:58', 0),
(02202070003, 3, 100, '2022-01-01', '2.7', 71, '2023-02-03 18:05:58', '2023-02-03 18:06:58', 0),
(02202070004, 4, 100, '2022-01-01', '2.7', 71, '2023-02-03 18:05:58', '2023-02-03 18:06:58', 0),
(02202070005, 5, 100, '2022-01-01', '2.7', 71, '2023-02-03 18:05:58', '2023-02-03 18:06:58', 0),
(02202070006, 6, 100, '2022-01-01', '2.7', 71, '2023-02-03 18:05:58', '2023-02-03 18:06:58', 0),
(02202070007, 7, 100, '2022-01-01', '2.7', 71, '2023-02-03 18:05:58', '2023-02-03 18:06:58', 0),
(02202070008, 8, 100, '2022-01-01', '2.7', 71, '2023-02-03 18:05:58', '2023-02-03 18:06:58', 0),
(02202070009, 9, 100, '2022-01-01', '2.7', 71, '2023-02-03 18:05:58', '2023-02-03 18:06:58', 0),
(02202070010, 10, 100, '2022-01-01', '2.7', 71, '2023-02-03 18:05:58', '2023-02-03 18:06:58', 0),
(02202070011, 11, 100, '2022-01-01', '2.7', 71, '2023-02-03 18:05:58', '2023-02-03 18:06:58', 0),
(02202070012, 12, 100, '2022-01-01', '2.7', 71, '2023-02-03 18:05:58', '2023-02-03 18:06:58', 0),
(02202070013, 13, 100, '2022-01-01', '2.7', 71, '2023-02-03 18:05:58', '2023-02-03 18:06:58', 0),
(02202080002, 2, 100, '2022-01-01', '5.3', 61, '2023-02-03 18:05:58', '2023-02-03 18:06:58', 0),
(02202080003, 3, 100, '2022-01-01', '5.3', 61, '2023-02-03 18:05:58', '2023-02-03 18:06:58', 0),
(02202080004, 4, 100, '2022-01-01', '5.3', 61, '2023-02-03 18:05:58', '2023-02-03 18:06:58', 0),
(02202080005, 5, 100, '2022-01-01', '5.3', 61, '2023-02-03 18:05:58', '2023-02-03 18:06:58', 0),
(02202080006, 6, 100, '2022-01-01', '5.3', 61, '2023-02-03 18:05:58', '2023-02-03 18:06:58', 0),
(02202080007, 7, 100, '2022-01-01', '5.3', 61, '2023-02-03 18:05:58', '2023-02-03 18:06:58', 0),
(02202080008, 8, 100, '2022-01-01', '5.3', 61, '2023-02-03 18:05:58', '2023-02-03 18:06:58', 0),
(02202080009, 9, 100, '2022-01-01', '5.3', 61, '2023-02-03 18:05:58', '2023-02-03 18:06:58', 0),
(02202080010, 10, 100, '2022-01-01', '5.3', 61, '2023-02-03 18:05:58', '2023-02-03 18:06:58', 0),
(02202080011, 11, 100, '2022-01-01', '5.3', 61, '2023-02-03 18:05:58', '2023-02-03 18:06:58', 0),
(02202080012, 12, 100, '2022-01-01', '5.3', 61, '2023-02-03 18:05:58', '2023-02-03 18:06:58', 0),
(02202080013, 13, 100, '2022-01-01', '5.3', 61, '2023-02-03 18:05:58', '2023-02-03 18:06:58', 0),
(02202090002, 2, 100, '2022-01-01', '6', 56, '2023-02-03 18:05:58', '2023-02-03 18:06:58', 0),
(02202090003, 3, 100, '2022-01-01', '6', 56, '2023-02-03 18:05:58', '2023-02-03 18:06:58', 0),
(02202090004, 4, 100, '2022-01-01', '6', 56, '2023-02-03 18:05:58', '2023-02-03 18:06:58', 0),
(02202090005, 5, 100, '2022-01-01', '6', 56, '2023-02-03 18:05:58', '2023-02-03 18:06:58', 0),
(02202090006, 6, 100, '2022-01-01', '6', 56, '2023-02-03 18:05:58', '2023-02-03 18:06:58', 0),
(02202090007, 7, 100, '2022-01-01', '6', 56, '2023-02-03 18:05:58', '2023-02-03 18:06:58', 0),
(02202090008, 8, 100, '2022-01-01', '6', 56, '2023-02-03 18:05:58', '2023-02-03 18:06:58', 0),
(02202090009, 9, 100, '2022-01-01', '6', 56, '2023-02-03 18:05:58', '2023-02-03 18:06:58', 0),
(02202090010, 10, 100, '2022-01-01', '6', 56, '2023-02-03 18:05:58', '2023-02-03 18:06:58', 0),
(02202090011, 11, 100, '2022-01-01', '6', 56, '2023-02-03 18:05:58', '2023-02-03 18:06:58', 0),
(02202090012, 12, 100, '2022-01-01', '6', 56, '2023-02-03 18:05:58', '2023-02-03 18:06:58', 0),
(02202090013, 13, 100, '2022-01-01', '6', 56, '2023-02-03 18:05:58', '2023-02-03 18:06:58', 0),
(02202100002, 2, 100, '2022-01-01', '3.8', 90, '2023-02-03 18:05:58', '2023-02-03 18:06:58', 0),
(02202100003, 3, 100, '2022-01-01', '3.8', 90, '2023-02-03 18:05:58', '2023-02-03 18:06:58', 0),
(02202100004, 4, 100, '2022-01-01', '3.8', 90, '2023-02-03 18:05:58', '2023-02-03 18:06:58', 0),
(02202100005, 5, 100, '2022-01-01', '3.8', 90, '2023-02-03 18:05:58', '2023-02-03 18:06:58', 0),
(02202100006, 6, 100, '2022-01-01', '3.8', 90, '2023-02-03 18:05:58', '2023-02-03 18:06:58', 0),
(02202100007, 7, 100, '2022-01-01', '3.8', 90, '2023-02-03 18:05:58', '2023-02-03 18:06:58', 0),
(02202100008, 8, 100, '2022-01-01', '3.8', 90, '2023-02-03 18:05:58', '2023-02-03 18:06:58', 0),
(02202100009, 9, 100, '2022-01-01', '3.8', 90, '2023-02-03 18:05:58', '2023-02-03 18:06:58', 0),
(02202100010, 10, 100, '2022-01-01', '3.8', 90, '2023-02-03 18:05:58', '2023-02-03 18:06:58', 0),
(02202100011, 11, 100, '2022-01-01', '3.8', 90, '2023-02-03 18:05:58', '2023-02-03 18:06:58', 0),
(02202100012, 12, 100, '2022-01-01', '3.8', 90, '2023-02-03 18:05:58', '2023-02-03 18:06:58', 0),
(02202100013, 13, 100, '2022-01-01', '3.8', 90, '2023-02-03 18:05:58', '2023-02-03 18:06:58', 0),
(02202110002, 2, 100, '2022-01-01', '5.9', 56, '2023-02-03 18:05:58', '2023-02-03 18:06:58', 0),
(02202110003, 3, 100, '2022-01-01', '5.9', 56, '2023-02-03 18:05:58', '2023-02-03 18:06:58', 0),
(02202110004, 4, 100, '2022-01-01', '5.9', 56, '2023-02-03 18:05:58', '2023-02-03 18:06:58', 0),
(02202110005, 5, 100, '2022-01-01', '5.9', 56, '2023-02-03 18:05:58', '2023-02-03 18:06:58', 0),
(02202110006, 6, 100, '2022-01-01', '5.9', 56, '2023-02-03 18:05:58', '2023-02-03 18:06:58', 0),
(02202110007, 7, 100, '2022-01-01', '5.9', 56, '2023-02-03 18:05:58', '2023-02-03 18:06:58', 0),
(02202110008, 8, 100, '2022-01-01', '5.9', 56, '2023-02-03 18:05:58', '2023-02-03 18:06:58', 0),
(02202110009, 9, 100, '2022-01-01', '5.9', 56, '2023-02-03 18:05:58', '2023-02-03 18:06:58', 0),
(02202110010, 10, 100, '2022-01-01', '5.9', 56, '2023-02-03 18:05:58', '2023-02-03 18:06:58', 0),
(02202110011, 11, 100, '2022-01-01', '5.9', 56, '2023-02-03 18:05:58', '2023-02-03 18:06:58', 0),
(02202110012, 12, 100, '2022-01-01', '5.9', 56, '2023-02-03 18:05:58', '2023-02-03 18:06:58', 0),
(02202110013, 13, 100, '2022-01-01', '5.9', 56, '2023-02-03 18:05:58', '2023-02-03 18:06:58', 0),
(02202120002, 2, 100, '2022-01-01', '5.8', 57, '2023-02-03 18:05:58', '2023-02-03 18:06:58', 0),
(02202120003, 3, 100, '2022-01-01', '5.8', 57, '2023-02-03 18:05:58', '2023-02-03 18:06:58', 0),
(02202120004, 4, 100, '2022-01-01', '5.8', 57, '2023-02-03 18:05:58', '2023-02-03 18:06:58', 0),
(02202120005, 5, 100, '2022-01-01', '5.8', 57, '2023-02-03 18:05:58', '2023-02-03 18:06:58', 0),
(02202120006, 6, 100, '2022-01-01', '5.8', 57, '2023-02-03 18:05:58', '2023-02-03 18:06:58', 0),
(02202120007, 7, 100, '2022-01-01', '5.8', 57, '2023-02-03 18:05:58', '2023-02-03 18:06:58', 0),
(02202120008, 8, 100, '2022-01-01', '5.8', 57, '2023-02-03 18:05:58', '2023-02-03 18:06:58', 0),
(02202120009, 9, 100, '2022-01-01', '5.8', 57, '2023-02-03 18:05:58', '2023-02-03 18:06:58', 0),
(02202120010, 10, 100, '2022-01-01', '5.8', 57, '2023-02-03 18:05:58', '2023-02-03 18:06:58', 0),
(02202120011, 11, 100, '2022-01-01', '5.8', 57, '2023-02-03 18:05:58', '2023-02-03 18:06:58', 0),
(02202120012, 12, 100, '2022-01-01', '5.8', 57, '2023-02-03 18:05:58', '2023-02-03 18:06:58', 0),
(02202120013, 13, 100, '2022-01-01', '5.8', 57, '2023-02-03 18:05:58', '2023-02-03 18:06:58', 0),
(02202130002, 2, 100, '2022-01-01', '4.5', 77, '2023-02-03 18:05:58', '2023-02-03 18:06:58', 0),
(02202130003, 3, 100, '2022-01-01', '4.5', 77, '2023-02-03 18:05:58', '2023-02-03 18:06:58', 0),
(02202130004, 4, 100, '2022-01-01', '4.5', 77, '2023-02-03 18:05:58', '2023-02-03 18:06:58', 0),
(02202130005, 5, 100, '2022-01-01', '4.5', 77, '2023-02-03 18:05:58', '2023-02-03 18:06:58', 0);
INSERT INTO `t_receipts` (`f_receipt_id`, `f_customer_id`, `f_receipt_payment`, `f_receipt_buy_time`, `f_receipt_temperature`, `f_receipt_humidity`, `f_receipt_startusedaytime`, `f_receipt_endusedaytime`, `f_receipt_isreserved`) VALUES
(02202130006, 6, 100, '2022-01-01', '4.5', 77, '2023-02-03 18:05:58', '2023-02-03 18:06:58', 0),
(02202130007, 7, 100, '2022-01-01', '4.5', 77, '2023-02-03 18:05:58', '2023-02-03 18:06:58', 0),
(02202130008, 8, 100, '2022-01-01', '4.5', 77, '2023-02-03 18:05:58', '2023-02-03 18:06:58', 0),
(02202130009, 9, 100, '2022-01-01', '4.5', 77, '2023-02-03 18:05:58', '2023-02-03 18:06:58', 0),
(02202130010, 10, 100, '2022-01-01', '4.5', 77, '2023-02-03 18:05:58', '2023-02-03 18:06:58', 0),
(02202130011, 11, 100, '2022-01-01', '4.5', 77, '2023-02-03 18:05:58', '2023-02-03 18:06:58', 0),
(02202130012, 12, 100, '2022-01-01', '4.5', 77, '2023-02-03 18:05:58', '2023-02-03 18:06:58', 0),
(02202130013, 13, 100, '2022-01-01', '4.5', 77, '2023-02-03 18:05:58', '2023-02-03 18:06:58', 0),
(02202140002, 2, 100, '2022-01-01', '7', 67, '2023-02-03 18:05:58', '2023-02-03 18:06:58', 0),
(02202140003, 3, 100, '2022-01-01', '7', 67, '2023-02-03 18:05:58', '2023-02-03 18:06:58', 0),
(02202140004, 4, 100, '2022-01-01', '7', 67, '2023-02-03 18:05:58', '2023-02-03 18:06:58', 0),
(02202140005, 5, 100, '2022-01-01', '7', 67, '2023-02-03 18:05:58', '2023-02-03 18:06:58', 0),
(02202140006, 6, 100, '2022-01-01', '7', 67, '2023-02-03 18:05:58', '2023-02-03 18:06:58', 0),
(02202140007, 7, 100, '2022-01-01', '7', 67, '2023-02-03 18:05:58', '2023-02-03 18:06:58', 0),
(02202140008, 8, 100, '2022-01-01', '7', 67, '2023-02-03 18:05:58', '2023-02-03 18:06:58', 0),
(02202140009, 9, 100, '2022-01-01', '7', 67, '2023-02-03 18:05:58', '2023-02-03 18:06:58', 0),
(02202140010, 10, 100, '2022-01-01', '7', 67, '2023-02-03 18:05:58', '2023-02-03 18:06:58', 0),
(02202140011, 11, 100, '2022-01-01', '7', 67, '2023-02-03 18:05:58', '2023-02-03 18:06:58', 0),
(02202140012, 12, 100, '2022-01-01', '7', 67, '2023-02-03 18:05:58', '2023-02-03 18:06:58', 0),
(02202140013, 13, 100, '2022-01-01', '7', 67, '2023-02-03 18:05:58', '2023-02-03 18:06:58', 0),
(02202150002, 2, 100, '2022-01-01', '8', 68, '2023-02-03 18:05:58', '2023-02-03 18:06:58', 0),
(02202150003, 3, 100, '2022-01-01', '8', 68, '2023-02-03 18:05:58', '2023-02-03 18:06:58', 0),
(02202150004, 4, 100, '2022-01-01', '8', 68, '2023-02-03 18:05:58', '2023-02-03 18:06:58', 0),
(02202150005, 5, 100, '2022-01-01', '8', 68, '2023-02-03 18:05:58', '2023-02-03 18:06:58', 0),
(02202150006, 6, 100, '2022-01-01', '8', 68, '2023-02-03 18:05:58', '2023-02-03 18:06:58', 0),
(02202150007, 7, 100, '2022-01-01', '8', 68, '2023-02-03 18:05:58', '2023-02-03 18:06:58', 0),
(02202150008, 8, 100, '2022-01-01', '8', 68, '2023-02-03 18:05:58', '2023-02-03 18:06:58', 0),
(02202150009, 9, 100, '2022-01-01', '8', 68, '2023-02-03 18:05:58', '2023-02-03 18:06:58', 0),
(02202150010, 10, 100, '2022-01-01', '8', 68, '2023-02-03 18:05:58', '2023-02-03 18:06:58', 0),
(02202150011, 11, 100, '2022-01-01', '8', 68, '2023-02-03 18:05:58', '2023-02-03 18:06:58', 0),
(02202150012, 12, 100, '2022-01-01', '8', 68, '2023-02-03 18:05:58', '2023-02-03 18:06:58', 0),
(02202150013, 13, 100, '2022-01-01', '8', 68, '2023-02-03 18:05:58', '2023-02-03 18:06:58', 0),
(02202160002, 2, 100, '2022-01-01', '4.3', 56, '2023-02-03 18:05:58', '2023-02-03 18:06:58', 0),
(02202160003, 3, 100, '2022-01-01', '4.3', 56, '2023-02-03 18:05:58', '2023-02-03 18:06:58', 0),
(02202160004, 4, 100, '2022-01-01', '4.3', 56, '2023-02-03 18:05:58', '2023-02-03 18:06:58', 0),
(02202160005, 5, 100, '2022-01-01', '4.3', 56, '2023-02-03 18:05:58', '2023-02-03 18:06:58', 0),
(02202160006, 6, 100, '2022-01-01', '4.3', 56, '2023-02-03 18:05:58', '2023-02-03 18:06:58', 0),
(02202160007, 7, 100, '2022-01-01', '4.3', 56, '2023-02-03 18:05:58', '2023-02-03 18:06:58', 0),
(02202160008, 8, 100, '2022-01-01', '4.3', 56, '2023-02-03 18:05:58', '2023-02-03 18:06:58', 0),
(02202160009, 9, 100, '2022-01-01', '4.3', 56, '2023-02-03 18:05:58', '2023-02-03 18:06:58', 0),
(02202160010, 10, 100, '2022-01-01', '4.3', 56, '2023-02-03 18:05:58', '2023-02-03 18:06:58', 0),
(02202160011, 11, 100, '2022-01-01', '4.3', 56, '2023-02-03 18:05:58', '2023-02-03 18:06:58', 0),
(02202160012, 12, 100, '2022-01-01', '4.3', 56, '2023-02-03 18:05:58', '2023-02-03 18:06:58', 0),
(02202160013, 13, 100, '2022-01-01', '4.3', 56, '2023-02-03 18:05:58', '2023-02-03 18:06:58', 0),
(02202170002, 2, 100, '2022-01-01', '1', 71, '2023-02-03 18:05:58', '2023-02-03 18:06:58', 0),
(02202170003, 3, 100, '2022-01-01', '1', 71, '2023-02-03 18:05:58', '2023-02-03 18:06:58', 0),
(02202170004, 4, 100, '2022-01-01', '1', 71, '2023-02-03 18:05:58', '2023-02-03 18:06:58', 0),
(02202170005, 5, 100, '2022-01-01', '1', 71, '2023-02-03 18:05:58', '2023-02-03 18:06:58', 0),
(02202170006, 6, 100, '2022-01-01', '1', 71, '2023-02-03 18:05:58', '2023-02-03 18:06:58', 0),
(02202170007, 7, 100, '2022-01-01', '1', 71, '2023-02-03 18:05:58', '2023-02-03 18:06:58', 0),
(02202170008, 8, 100, '2022-01-01', '1', 71, '2023-02-03 18:05:58', '2023-02-03 18:06:58', 0),
(02202170009, 9, 100, '2022-01-01', '1', 71, '2023-02-03 18:05:58', '2023-02-03 18:06:58', 0),
(02202170010, 10, 100, '2022-01-01', '1', 71, '2023-02-03 18:05:58', '2023-02-03 18:06:58', 0),
(02202170011, 11, 100, '2022-01-01', '1', 71, '2023-02-03 18:05:58', '2023-02-03 18:06:58', 0),
(02202170012, 12, 100, '2022-01-01', '1', 71, '2023-02-03 18:05:58', '2023-02-03 18:06:58', 0),
(02202170013, 13, 100, '2022-01-01', '1', 71, '2023-02-03 18:05:58', '2023-02-03 18:06:58', 0),
(02202180002, 2, 100, '2022-01-01', '3.7', 65, '2023-02-03 18:05:58', '2023-02-03 18:06:58', 0),
(02202180003, 3, 100, '2022-01-01', '3.7', 65, '2023-02-03 18:05:58', '2023-02-03 18:06:58', 0),
(02202180004, 4, 100, '2022-01-01', '3.7', 65, '2023-02-03 18:05:58', '2023-02-03 18:06:58', 0),
(02202180005, 5, 100, '2022-01-01', '3.7', 65, '2023-02-03 18:05:58', '2023-02-03 18:06:58', 0),
(02202180006, 6, 100, '2022-01-01', '3.7', 65, '2023-02-03 18:05:58', '2023-02-03 18:06:58', 0),
(02202180007, 7, 100, '2022-01-01', '3.7', 65, '2023-02-03 18:05:58', '2023-02-03 18:06:58', 0),
(02202180008, 8, 100, '2022-01-01', '3.7', 65, '2023-02-03 18:05:58', '2023-02-03 18:06:58', 0),
(02202180009, 9, 100, '2022-01-01', '3.7', 65, '2023-02-03 18:05:58', '2023-02-03 18:06:58', 0),
(02202180010, 10, 100, '2022-01-01', '3.7', 65, '2023-02-03 18:05:58', '2023-02-03 18:06:58', 0),
(02202180011, 11, 100, '2022-01-01', '3.7', 65, '2023-02-03 18:05:58', '2023-02-03 18:06:58', 0),
(02202180012, 12, 100, '2022-01-01', '3.7', 65, '2023-02-03 18:05:58', '2023-02-03 18:06:58', 0),
(02202180013, 13, 100, '2022-01-01', '3.7', 65, '2023-02-03 18:05:58', '2023-02-03 18:06:58', 0),
(02202190002, 2, 100, '2022-01-01', '4.4', 78, '2023-02-03 18:05:58', '2023-02-03 18:06:58', 0),
(02202190003, 3, 100, '2022-01-01', '4.4', 78, '2023-02-03 18:05:58', '2023-02-03 18:06:58', 0),
(02202190004, 4, 100, '2022-01-01', '4.4', 78, '2023-02-03 18:05:58', '2023-02-03 18:06:58', 0),
(02202190005, 5, 100, '2022-01-01', '4.4', 78, '2023-02-03 18:05:58', '2023-02-03 18:06:58', 0),
(02202190006, 6, 100, '2022-01-01', '4.4', 78, '2023-02-03 18:05:58', '2023-02-03 18:06:58', 0),
(02202190007, 7, 100, '2022-01-01', '4.4', 78, '2023-02-03 18:05:58', '2023-02-03 18:06:58', 0),
(02202190008, 8, 100, '2022-01-01', '4.4', 78, '2023-02-03 18:05:58', '2023-02-03 18:06:58', 0),
(02202190009, 9, 100, '2022-01-01', '4.4', 78, '2023-02-03 18:05:58', '2023-02-03 18:06:58', 0),
(02202190010, 10, 100, '2022-01-01', '4.4', 78, '2023-02-03 18:05:58', '2023-02-03 18:06:58', 0),
(02202190011, 11, 100, '2022-01-01', '4.4', 78, '2023-02-03 18:05:58', '2023-02-03 18:06:58', 0),
(02202190012, 12, 100, '2022-01-01', '4.4', 78, '2023-02-03 18:05:58', '2023-02-03 18:06:58', 0),
(02202190013, 13, 100, '2022-01-01', '4.4', 78, '2023-02-03 18:05:58', '2023-02-03 18:06:58', 0),
(02202200002, 2, 100, '2022-01-01', '4.6', 76, '2023-02-03 18:05:58', '2023-02-03 18:06:58', 0),
(02202200003, 3, 100, '2022-01-01', '4.6', 76, '2023-02-03 18:05:58', '2023-02-03 18:06:58', 0),
(02202200004, 4, 100, '2022-01-01', '4.6', 76, '2023-02-03 18:05:58', '2023-02-03 18:06:58', 0),
(02202200005, 5, 100, '2022-01-01', '4.6', 76, '2023-02-03 18:05:58', '2023-02-03 18:06:58', 0),
(02202200006, 6, 100, '2022-01-01', '4.6', 76, '2023-02-03 18:05:58', '2023-02-03 18:06:58', 0),
(02202200007, 7, 100, '2022-01-01', '4.6', 76, '2023-02-03 18:05:58', '2023-02-03 18:06:58', 0),
(02202200008, 8, 100, '2022-01-01', '4.6', 76, '2023-02-03 18:05:58', '2023-02-03 18:06:58', 0),
(02202200009, 9, 100, '2022-01-01', '4.6', 76, '2023-02-03 18:05:58', '2023-02-03 18:06:58', 0),
(02202200010, 10, 100, '2022-01-01', '4.6', 76, '2023-02-03 18:05:58', '2023-02-03 18:06:58', 0),
(02202200011, 11, 100, '2022-01-01', '4.6', 76, '2023-02-03 18:05:58', '2023-02-03 18:06:58', 0),
(02202200012, 12, 100, '2022-01-01', '4.6', 76, '2023-02-03 18:05:58', '2023-02-03 18:06:58', 0),
(02202200013, 13, 100, '2022-01-01', '4.6', 76, '2023-02-03 18:05:58', '2023-02-03 18:06:58', 0),
(02202210002, 2, 100, '2022-01-01', '1.7', 67, '2023-02-03 18:05:58', '2023-02-03 18:06:58', 0),
(02202210003, 3, 100, '2022-01-01', '1.7', 67, '2023-02-03 18:05:58', '2023-02-03 18:06:58', 0),
(02202210004, 4, 100, '2022-01-01', '1.7', 67, '2023-02-03 18:05:58', '2023-02-03 18:06:58', 0),
(02202210005, 5, 100, '2022-01-01', '1.7', 67, '2023-02-03 18:05:58', '2023-02-03 18:06:58', 0),
(02202210006, 6, 100, '2022-01-01', '1.7', 67, '2023-02-03 18:05:58', '2023-02-03 18:06:58', 0),
(02202210007, 7, 100, '2022-01-01', '1.7', 67, '2023-02-03 18:05:58', '2023-02-03 18:06:58', 0),
(02202210008, 8, 100, '2022-01-01', '1.7', 67, '2023-02-03 18:05:58', '2023-02-03 18:06:58', 0),
(02202210009, 9, 100, '2022-01-01', '1.7', 67, '2023-02-03 18:05:58', '2023-02-03 18:06:58', 0),
(02202210010, 10, 100, '2022-01-01', '1.7', 67, '2023-02-03 18:05:58', '2023-02-03 18:06:58', 0),
(02202210011, 11, 100, '2022-01-01', '1.7', 67, '2023-02-03 18:05:58', '2023-02-03 18:06:58', 0),
(02202210012, 12, 100, '2022-01-01', '1.7', 67, '2023-02-03 18:05:58', '2023-02-03 18:06:58', 0),
(02202210013, 13, 100, '2022-01-01', '1.7', 67, '2023-02-03 18:05:58', '2023-02-03 18:06:58', 0),
(02202220002, 2, 100, '2022-01-01', '2.2', 78, '2023-02-03 18:05:58', '2023-02-03 18:06:58', 0),
(02202220003, 3, 100, '2022-01-01', '2.2', 78, '2023-02-03 18:05:58', '2023-02-03 18:06:58', 0),
(02202220004, 4, 100, '2022-01-01', '2.2', 78, '2023-02-03 18:05:58', '2023-02-03 18:06:58', 0),
(02202220005, 5, 100, '2022-01-01', '2.2', 78, '2023-02-03 18:05:58', '2023-02-03 18:06:58', 0),
(02202220006, 6, 100, '2022-01-01', '2.2', 78, '2023-02-03 18:05:58', '2023-02-03 18:06:58', 0),
(02202220007, 7, 100, '2022-01-01', '2.2', 78, '2023-02-03 18:05:58', '2023-02-03 18:06:58', 0),
(02202220008, 8, 100, '2022-01-01', '2.2', 78, '2023-02-03 18:05:58', '2023-02-03 18:06:58', 0),
(02202220009, 9, 100, '2022-01-01', '2.2', 78, '2023-02-03 18:05:58', '2023-02-03 18:06:58', 0),
(02202220010, 10, 100, '2022-01-01', '2.2', 78, '2023-02-03 18:05:58', '2023-02-03 18:06:58', 0),
(02202220011, 11, 100, '2022-01-01', '2.2', 78, '2023-02-03 18:05:58', '2023-02-03 18:06:58', 0),
(02202220012, 12, 100, '2022-01-01', '2.2', 78, '2023-02-03 18:05:58', '2023-02-03 18:06:58', 0),
(02202220013, 13, 100, '2022-01-01', '2.2', 78, '2023-02-03 18:05:58', '2023-02-03 18:06:58', 0),
(02202230002, 2, 100, '2022-01-01', '2.6', 70, '2023-02-03 18:05:58', '2023-02-03 18:06:58', 0),
(02202230003, 3, 100, '2022-01-01', '2.6', 70, '2023-02-03 18:05:58', '2023-02-03 18:06:58', 0),
(02202230004, 4, 100, '2022-01-01', '2.6', 70, '2023-02-03 18:05:58', '2023-02-03 18:06:58', 0),
(02202230005, 5, 100, '2022-01-01', '2.6', 70, '2023-02-03 18:05:58', '2023-02-03 18:06:58', 0),
(02202230006, 6, 100, '2022-01-01', '2.6', 70, '2023-02-03 18:05:58', '2023-02-03 18:06:58', 0),
(02202230007, 7, 100, '2022-01-01', '2.6', 70, '2023-02-03 18:05:58', '2023-02-03 18:06:58', 0),
(02202230008, 8, 100, '2022-01-01', '2.6', 70, '2023-02-03 18:05:58', '2023-02-03 18:06:58', 0),
(02202230009, 9, 100, '2022-01-01', '2.6', 70, '2023-02-03 18:05:58', '2023-02-03 18:06:58', 0),
(02202230010, 10, 100, '2022-01-01', '2.6', 70, '2023-02-03 18:05:58', '2023-02-03 18:06:58', 0),
(02202230011, 11, 100, '2022-01-01', '2.6', 70, '2023-02-03 18:05:58', '2023-02-03 18:06:58', 0),
(02202230012, 12, 100, '2022-01-01', '2.6', 70, '2023-02-03 18:05:58', '2023-02-03 18:06:58', 0),
(02202230013, 13, 100, '2022-01-01', '2.6', 70, '2023-02-03 18:05:58', '2023-02-03 18:06:58', 0),
(02202240002, 2, 100, '2022-01-01', '2.9', 59, '2023-02-03 18:05:58', '2023-02-03 18:06:58', 0),
(02202240003, 3, 100, '2022-01-01', '2.9', 59, '2023-02-03 18:05:58', '2023-02-03 18:06:58', 0),
(02202240004, 4, 100, '2022-01-01', '2.9', 59, '2023-02-03 18:05:58', '2023-02-03 18:06:58', 0),
(02202240005, 5, 100, '2022-01-01', '2.9', 59, '2023-02-03 18:05:58', '2023-02-03 18:06:58', 0),
(02202240006, 6, 100, '2022-01-01', '2.9', 59, '2023-02-03 18:05:58', '2023-02-03 18:06:58', 0),
(02202240007, 7, 100, '2022-01-01', '2.9', 59, '2023-02-03 18:05:58', '2023-02-03 18:06:58', 0),
(02202240008, 8, 100, '2022-01-01', '2.9', 59, '2023-02-03 18:05:58', '2023-02-03 18:06:58', 0),
(02202240009, 9, 100, '2022-01-01', '2.9', 59, '2023-02-03 18:05:58', '2023-02-03 18:06:58', 0),
(02202240010, 10, 100, '2022-01-01', '2.9', 59, '2023-02-03 18:05:58', '2023-02-03 18:06:58', 0),
(02202240011, 11, 100, '2022-01-01', '2.9', 59, '2023-02-03 18:05:58', '2023-02-03 18:06:58', 0),
(02202240012, 12, 100, '2022-01-01', '2.9', 59, '2023-02-03 18:05:58', '2023-02-03 18:06:58', 0),
(02202240013, 13, 100, '2022-01-01', '2.9', 59, '2023-02-03 18:05:58', '2023-02-03 18:06:58', 0),
(02202250002, 2, 100, '2022-01-01', '4.4', 60, '2023-02-03 18:05:58', '2023-02-03 18:06:58', 0),
(02202250003, 3, 100, '2022-01-01', '4.4', 60, '2023-02-03 18:05:58', '2023-02-03 18:06:58', 0),
(02202250004, 4, 100, '2022-01-01', '4.4', 60, '2023-02-03 18:05:58', '2023-02-03 18:06:58', 0),
(02202250005, 5, 100, '2022-01-01', '4.4', 60, '2023-02-03 18:05:58', '2023-02-03 18:06:58', 0),
(02202250006, 6, 100, '2022-01-01', '4.4', 60, '2023-02-03 18:05:58', '2023-02-03 18:06:58', 0),
(02202250007, 7, 100, '2022-01-01', '4.4', 60, '2023-02-03 18:05:58', '2023-02-03 18:06:58', 0),
(02202250008, 8, 100, '2022-01-01', '4.4', 60, '2023-02-03 18:05:58', '2023-02-03 18:06:58', 0),
(02202250009, 9, 100, '2022-01-01', '4.4', 60, '2023-02-03 18:05:58', '2023-02-03 18:06:58', 0),
(02202250010, 10, 100, '2022-01-01', '4.4', 60, '2023-02-03 18:05:58', '2023-02-03 18:06:58', 0),
(02202250011, 11, 100, '2022-01-01', '4.4', 60, '2023-02-03 18:05:58', '2023-02-03 18:06:58', 0),
(02202250012, 12, 100, '2022-01-01', '4.4', 60, '2023-02-03 18:05:58', '2023-02-03 18:06:58', 0),
(02202250013, 13, 100, '2022-01-01', '4.4', 60, '2023-02-03 18:05:58', '2023-02-03 18:06:58', 0),
(02202260002, 2, 100, '2022-01-01', '7.6', 54, '2023-02-03 18:05:58', '2023-02-03 18:06:58', 0),
(02202260003, 3, 100, '2022-01-01', '7.6', 54, '2023-02-03 18:05:58', '2023-02-03 18:06:58', 0),
(02202260004, 4, 100, '2022-01-01', '7.6', 54, '2023-02-03 18:05:58', '2023-02-03 18:06:58', 0),
(02202260005, 5, 100, '2022-01-01', '7.6', 54, '2023-02-03 18:05:58', '2023-02-03 18:06:58', 0),
(02202260006, 6, 100, '2022-01-01', '7.6', 54, '2023-02-03 18:05:58', '2023-02-03 18:06:58', 0),
(02202260007, 7, 100, '2022-01-01', '7.6', 54, '2023-02-03 18:05:58', '2023-02-03 18:06:58', 0),
(02202260008, 8, 100, '2022-01-01', '7.6', 54, '2023-02-03 18:05:58', '2023-02-03 18:06:58', 0),
(02202260009, 9, 100, '2022-01-01', '7.6', 54, '2023-02-03 18:05:58', '2023-02-03 18:06:58', 0),
(02202260010, 10, 100, '2022-01-01', '7.6', 54, '2023-02-03 18:05:58', '2023-02-03 18:06:58', 0),
(02202260011, 11, 100, '2022-01-01', '7.6', 54, '2023-02-03 18:05:58', '2023-02-03 18:06:58', 0),
(02202260012, 12, 100, '2022-01-01', '7.6', 54, '2023-02-03 18:05:58', '2023-02-03 18:06:58', 0),
(02202260013, 13, 100, '2022-01-01', '7.6', 54, '2023-02-03 18:05:58', '2023-02-03 18:06:58', 0),
(02202270002, 2, 100, '2022-01-01', '7', 53, '2023-02-03 18:05:58', '2023-02-03 18:06:58', 0),
(02202270003, 3, 100, '2022-01-01', '7', 53, '2023-02-03 18:05:58', '2023-02-03 18:06:58', 0),
(02202270004, 4, 100, '2022-01-01', '7', 53, '2023-02-03 18:05:58', '2023-02-03 18:06:58', 0),
(02202270005, 5, 100, '2022-01-01', '7', 53, '2023-02-03 18:05:58', '2023-02-03 18:06:58', 0),
(02202270006, 6, 100, '2022-01-01', '7', 53, '2023-02-03 18:05:58', '2023-02-03 18:06:58', 0),
(02202270007, 7, 100, '2022-01-01', '7', 53, '2023-02-03 18:05:58', '2023-02-03 18:06:58', 0),
(02202270008, 8, 100, '2022-01-01', '7', 53, '2023-02-03 18:05:58', '2023-02-03 18:06:58', 0),
(02202270009, 9, 100, '2022-01-01', '7', 53, '2023-02-03 18:05:58', '2023-02-03 18:06:58', 0),
(02202270010, 10, 100, '2022-01-01', '7', 53, '2023-02-03 18:05:58', '2023-02-03 18:06:58', 0),
(02202270011, 11, 100, '2022-01-01', '7', 53, '2023-02-03 18:05:58', '2023-02-03 18:06:58', 0),
(02202270012, 12, 100, '2022-01-01', '7', 53, '2023-02-03 18:05:58', '2023-02-03 18:06:58', 0),
(02202270013, 13, 100, '2022-01-01', '7', 53, '2023-02-03 18:05:58', '2023-02-03 18:06:58', 0),
(02202280002, 2, 100, '2022-01-01', '8.9', 48, '2023-02-03 18:05:58', '2023-02-03 18:06:58', 0),
(02202280003, 3, 100, '2022-01-01', '8.9', 48, '2023-02-03 18:05:58', '2023-02-03 18:06:58', 0),
(02202280004, 4, 100, '2022-01-01', '8.9', 48, '2023-02-03 18:05:58', '2023-02-03 18:06:58', 0),
(02202280005, 5, 100, '2022-01-01', '8.9', 48, '2023-02-03 18:05:58', '2023-02-03 18:06:58', 0),
(02202280006, 6, 100, '2022-01-01', '8.9', 48, '2023-02-03 18:05:58', '2023-02-03 18:06:58', 0),
(02202280007, 7, 100, '2022-01-01', '8.9', 48, '2023-02-03 18:05:58', '2023-02-03 18:06:58', 0),
(02202280008, 8, 100, '2022-01-01', '8.9', 48, '2023-02-03 18:05:58', '2023-02-03 18:06:58', 0),
(02202280009, 9, 100, '2022-01-01', '8.9', 48, '2023-02-03 18:05:58', '2023-02-03 18:06:58', 0),
(02202280010, 10, 100, '2022-01-01', '8.9', 48, '2023-02-03 18:05:58', '2023-02-03 18:06:58', 0),
(02202280011, 11, 100, '2022-01-01', '8.9', 48, '2023-02-03 18:05:58', '2023-02-03 18:06:58', 0),
(02202280012, 12, 100, '2022-01-01', '8.9', 48, '2023-02-03 18:05:58', '2023-02-03 18:06:58', 0),
(02202280013, 13, 100, '2022-01-01', '8.9', 48, '2023-02-03 18:05:58', '2023-02-03 18:06:58', 0),
(02203010002, 2, 100, '2022-01-01', '6', 75, '2023-02-03 18:05:58', '2023-02-03 18:06:58', 0),
(02203010003, 3, 100, '2022-01-01', '6', 75, '2023-02-03 18:05:58', '2023-02-03 18:06:58', 0),
(02203010004, 4, 100, '2022-01-01', '6', 75, '2023-02-03 18:05:58', '2023-02-03 18:06:58', 0),
(02203010005, 5, 100, '2022-01-01', '6', 75, '2023-02-03 18:05:58', '2023-02-03 18:06:58', 0),
(02203010006, 6, 100, '2022-01-01', '6', 75, '2023-02-03 18:05:58', '2023-02-03 18:06:58', 0),
(02203010007, 7, 100, '2022-01-01', '6', 75, '2023-02-03 18:05:58', '2023-02-03 18:06:58', 0),
(02203010008, 8, 100, '2022-01-01', '6', 75, '2023-02-03 18:05:58', '2023-02-03 18:06:58', 0),
(02203010009, 9, 100, '2022-01-01', '6', 75, '2023-02-03 18:05:58', '2023-02-03 18:06:58', 0),
(02203010010, 10, 100, '2022-01-01', '6', 75, '2023-02-03 18:05:58', '2023-02-03 18:06:58', 0),
(02203010011, 11, 100, '2022-01-01', '6', 75, '2023-02-03 18:05:58', '2023-02-03 18:06:58', 0),
(02203010012, 12, 100, '2022-01-01', '6', 75, '2023-02-03 18:05:58', '2023-02-03 18:06:58', 0),
(02203010013, 13, 100, '2022-01-01', '6', 75, '2023-02-03 18:05:58', '2023-02-03 18:06:58', 0),
(02203020002, 2, 100, '2022-01-01', '8.6', 69, '2023-02-03 18:05:58', '2023-02-03 18:06:58', 0),
(02203020003, 3, 100, '2022-01-01', '8.6', 69, '2023-02-03 18:05:58', '2023-02-03 18:06:58', 0),
(02203020004, 4, 100, '2022-01-01', '8.6', 69, '2023-02-03 18:05:58', '2023-02-03 18:06:58', 0),
(02203020005, 5, 100, '2022-01-01', '8.6', 69, '2023-02-03 18:05:58', '2023-02-03 18:06:58', 0),
(02203020006, 6, 100, '2022-01-01', '8.6', 69, '2023-02-03 18:05:58', '2023-02-03 18:06:58', 0),
(02203020007, 7, 100, '2022-01-01', '8.6', 69, '2023-02-03 18:05:58', '2023-02-03 18:06:58', 0),
(02203020008, 8, 100, '2022-01-01', '8.6', 69, '2023-02-03 18:05:58', '2023-02-03 18:06:58', 0),
(02203020009, 9, 100, '2022-01-01', '8.6', 69, '2023-02-03 18:05:58', '2023-02-03 18:06:58', 0),
(02203020010, 10, 100, '2022-01-01', '8.6', 69, '2023-02-03 18:05:58', '2023-02-03 18:06:58', 0),
(02203020011, 11, 100, '2022-01-01', '8.6', 69, '2023-02-03 18:05:58', '2023-02-03 18:06:58', 0),
(02203020012, 12, 100, '2022-01-01', '8.6', 69, '2023-02-03 18:05:58', '2023-02-03 18:06:58', 0),
(02203020013, 13, 100, '2022-01-01', '8.6', 69, '2023-02-03 18:05:58', '2023-02-03 18:06:58', 0),
(02203030002, 2, 100, '2022-01-01', '8.1', 57, '2023-02-03 18:05:58', '2023-02-03 18:06:58', 0),
(02203030003, 3, 100, '2022-01-01', '8.1', 57, '2023-02-03 18:05:58', '2023-02-03 18:06:58', 0),
(02203030004, 4, 100, '2022-01-01', '8.1', 57, '2023-02-03 18:05:58', '2023-02-03 18:06:58', 0),
(02203030005, 5, 100, '2022-01-01', '8.1', 57, '2023-02-03 18:05:58', '2023-02-03 18:06:58', 0),
(02203030006, 6, 100, '2022-01-01', '8.1', 57, '2023-02-03 18:05:58', '2023-02-03 18:06:58', 0),
(02203030007, 7, 100, '2022-01-01', '8.1', 57, '2023-02-03 18:05:58', '2023-02-03 18:06:58', 0),
(02203030008, 8, 100, '2022-01-01', '8.1', 57, '2023-02-03 18:05:58', '2023-02-03 18:06:58', 0),
(02203030009, 9, 100, '2022-01-01', '8.1', 57, '2023-02-03 18:05:58', '2023-02-03 18:06:58', 0),
(02203030010, 10, 100, '2022-01-01', '8.1', 57, '2023-02-03 18:05:58', '2023-02-03 18:06:58', 0),
(02203030011, 11, 100, '2022-01-01', '8.1', 57, '2023-02-03 18:05:58', '2023-02-03 18:06:58', 0),
(02203030012, 12, 100, '2022-01-01', '8.1', 57, '2023-02-03 18:05:58', '2023-02-03 18:06:58', 0),
(02203030013, 13, 100, '2022-01-01', '8.1', 57, '2023-02-03 18:05:58', '2023-02-03 18:06:58', 0),
(02203040002, 2, 100, '2022-01-01', '8', 46, '2023-02-03 18:05:58', '2023-02-03 18:06:58', 0),
(02203040003, 3, 100, '2022-01-01', '8', 46, '2023-02-03 18:05:58', '2023-02-03 18:06:58', 0),
(02203040004, 4, 100, '2022-01-01', '8', 46, '2023-02-03 18:05:58', '2023-02-03 18:06:58', 0),
(02203040005, 5, 100, '2022-01-01', '8', 46, '2023-02-03 18:05:58', '2023-02-03 18:06:58', 0),
(02203040006, 6, 100, '2022-01-01', '8', 46, '2023-02-03 18:05:58', '2023-02-03 18:06:58', 0),
(02203040007, 7, 100, '2022-01-01', '8', 46, '2023-02-03 18:05:58', '2023-02-03 18:06:58', 0),
(02203040008, 8, 100, '2022-01-01', '8', 46, '2023-02-03 18:05:58', '2023-02-03 18:06:58', 0),
(02203040009, 9, 100, '2022-01-01', '8', 46, '2023-02-03 18:05:58', '2023-02-03 18:06:58', 0),
(02203040010, 10, 100, '2022-01-01', '8', 46, '2023-02-03 18:05:58', '2023-02-03 18:06:58', 0),
(02203040011, 11, 100, '2022-01-01', '8', 46, '2023-02-03 18:05:58', '2023-02-03 18:06:58', 0),
(02203040012, 12, 100, '2022-01-01', '8', 46, '2023-02-03 18:05:58', '2023-02-03 18:06:58', 0),
(02203040013, 13, 100, '2022-01-01', '8', 46, '2023-02-03 18:05:58', '2023-02-03 18:06:58', 0),
(02203050002, 2, 100, '2022-01-01', '8.7', 54, '2023-02-03 18:05:58', '2023-02-03 18:06:58', 0),
(02203050003, 3, 100, '2022-01-01', '8.7', 54, '2023-02-03 18:05:58', '2023-02-03 18:06:58', 0),
(02203050004, 4, 100, '2022-01-01', '8.7', 54, '2023-02-03 18:05:58', '2023-02-03 18:06:58', 0),
(02203050005, 5, 100, '2022-01-01', '8.7', 54, '2023-02-03 18:05:58', '2023-02-03 18:06:58', 0),
(02203050006, 6, 100, '2022-01-01', '8.7', 54, '2023-02-03 18:05:58', '2023-02-03 18:06:58', 0),
(02203050007, 7, 100, '2022-01-01', '8.7', 54, '2023-02-03 18:05:58', '2023-02-03 18:06:58', 0),
(02203050008, 8, 100, '2022-01-01', '8.7', 54, '2023-02-03 18:05:58', '2023-02-03 18:06:58', 0),
(02203050009, 9, 100, '2022-01-01', '8.7', 54, '2023-02-03 18:05:58', '2023-02-03 18:06:58', 0),
(02203050010, 10, 100, '2022-01-01', '8.7', 54, '2023-02-03 18:05:58', '2023-02-03 18:06:58', 0),
(02203050011, 11, 100, '2022-01-01', '8.7', 54, '2023-02-03 18:05:58', '2023-02-03 18:06:58', 0),
(02203050012, 12, 100, '2022-01-01', '8.7', 54, '2023-02-03 18:05:58', '2023-02-03 18:06:58', 0),
(02203050013, 13, 100, '2022-01-01', '8.7', 54, '2023-02-03 18:05:58', '2023-02-03 18:06:58', 0),
(02203060002, 2, 100, '2022-01-01', '4.7', 63, '2023-02-03 18:05:58', '2023-02-03 18:06:58', 0),
(02203060003, 3, 100, '2022-01-01', '4.7', 63, '2023-02-03 18:05:58', '2023-02-03 18:06:58', 0),
(02203060004, 4, 100, '2022-01-01', '4.7', 63, '2023-02-03 18:05:58', '2023-02-03 18:06:58', 0),
(02203060005, 5, 100, '2022-01-01', '4.7', 63, '2023-02-03 18:05:58', '2023-02-03 18:06:58', 0),
(02203060006, 6, 100, '2022-01-01', '4.7', 63, '2023-02-03 18:05:58', '2023-02-03 18:06:58', 0),
(02203060007, 7, 100, '2022-01-01', '4.7', 63, '2023-02-03 18:05:58', '2023-02-03 18:06:58', 0),
(02203060008, 8, 100, '2022-01-01', '4.7', 63, '2023-02-03 18:05:58', '2023-02-03 18:06:58', 0),
(02203060009, 9, 100, '2022-01-01', '4.7', 63, '2023-02-03 18:05:58', '2023-02-03 18:06:58', 0),
(02203060010, 10, 100, '2022-01-01', '4.7', 63, '2023-02-03 18:05:58', '2023-02-03 18:06:58', 0),
(02203060011, 11, 100, '2022-01-01', '4.7', 63, '2023-02-03 18:05:58', '2023-02-03 18:06:58', 0),
(02203060012, 12, 100, '2022-01-01', '4.7', 63, '2023-02-03 18:05:58', '2023-02-03 18:06:58', 0),
(02203060013, 13, 100, '2022-01-01', '4.7', 63, '2023-02-03 18:05:58', '2023-02-03 18:06:58', 0),
(02203070002, 2, 100, '2022-01-01', '5.4', 59, '2023-02-03 18:05:58', '2023-02-03 18:06:58', 0),
(02203070003, 3, 100, '2022-01-01', '5.4', 59, '2023-02-03 18:05:58', '2023-02-03 18:06:58', 0),
(02203070004, 4, 100, '2022-01-01', '5.4', 59, '2023-02-03 18:05:58', '2023-02-03 18:06:58', 0),
(02203070005, 5, 100, '2022-01-01', '5.4', 59, '2023-02-03 18:05:58', '2023-02-03 18:06:58', 0),
(02203070006, 6, 100, '2022-01-01', '5.4', 59, '2023-02-03 18:05:58', '2023-02-03 18:06:58', 0),
(02203070007, 7, 100, '2022-01-01', '5.4', 59, '2023-02-03 18:05:58', '2023-02-03 18:06:58', 0),
(02203070008, 8, 100, '2022-01-01', '5.4', 59, '2023-02-03 18:05:58', '2023-02-03 18:06:58', 0),
(02203070009, 9, 100, '2022-01-01', '5.4', 59, '2023-02-03 18:05:58', '2023-02-03 18:06:58', 0),
(02203070010, 10, 100, '2022-01-01', '5.4', 59, '2023-02-03 18:05:58', '2023-02-03 18:06:58', 0),
(02203070011, 11, 100, '2022-01-01', '5.4', 59, '2023-02-03 18:05:58', '2023-02-03 18:06:58', 0),
(02203070012, 12, 100, '2022-01-01', '5.4', 59, '2023-02-03 18:05:58', '2023-02-03 18:06:58', 0),
(02203070013, 13, 100, '2022-01-01', '5.4', 59, '2023-02-03 18:05:58', '2023-02-03 18:06:58', 0),
(02203080002, 2, 100, '2022-01-01', '6.8', 50, '2023-02-03 18:05:58', '2023-02-03 18:06:58', 0),
(02203080003, 3, 100, '2022-01-01', '6.8', 50, '2023-02-03 18:05:58', '2023-02-03 18:06:58', 0),
(02203080004, 4, 100, '2022-01-01', '6.8', 50, '2023-02-03 18:05:58', '2023-02-03 18:06:58', 0),
(02203080005, 5, 100, '2022-01-01', '6.8', 50, '2023-02-03 18:05:58', '2023-02-03 18:06:58', 0),
(02203080006, 6, 100, '2022-01-01', '6.8', 50, '2023-02-03 18:05:58', '2023-02-03 18:06:58', 0),
(02203080007, 7, 100, '2022-01-01', '6.8', 50, '2023-02-03 18:05:58', '2023-02-03 18:06:58', 0),
(02203080008, 8, 100, '2022-01-01', '6.8', 50, '2023-02-03 18:05:58', '2023-02-03 18:06:58', 0),
(02203080009, 9, 100, '2022-01-01', '6.8', 50, '2023-02-03 18:05:58', '2023-02-03 18:06:58', 0),
(02203080010, 10, 100, '2022-01-01', '6.8', 50, '2023-02-03 18:05:58', '2023-02-03 18:06:58', 0),
(02203080011, 11, 100, '2022-01-01', '6.8', 50, '2023-02-03 18:05:58', '2023-02-03 18:06:58', 0),
(02203080012, 12, 100, '2022-01-01', '6.8', 50, '2023-02-03 18:05:58', '2023-02-03 18:06:58', 0),
(02203080013, 13, 100, '2022-01-01', '6.8', 50, '2023-02-03 18:05:58', '2023-02-03 18:06:58', 0),
(02203090002, 2, 100, '2022-01-01', '7.7', 51, '2023-02-03 18:05:58', '2023-02-03 18:06:58', 0),
(02203090003, 3, 100, '2022-01-01', '7.7', 51, '2023-02-03 18:05:58', '2023-02-03 18:06:58', 0),
(02203090004, 4, 100, '2022-01-01', '7.7', 51, '2023-02-03 18:05:58', '2023-02-03 18:06:58', 0),
(02203090005, 5, 100, '2022-01-01', '7.7', 51, '2023-02-03 18:05:58', '2023-02-03 18:06:58', 0),
(02203090006, 6, 100, '2022-01-01', '7.7', 51, '2023-02-03 18:05:58', '2023-02-03 18:06:58', 0),
(02203090007, 7, 100, '2022-01-01', '7.7', 51, '2023-02-03 18:05:58', '2023-02-03 18:06:58', 0),
(02203090008, 8, 100, '2022-01-01', '7.7', 51, '2023-02-03 18:05:58', '2023-02-03 18:06:58', 0),
(02203090009, 9, 100, '2022-01-01', '7.7', 51, '2023-02-03 18:05:58', '2023-02-03 18:06:58', 0),
(02203090010, 10, 100, '2022-01-01', '7.7', 51, '2023-02-03 18:05:58', '2023-02-03 18:06:58', 0),
(02203090011, 11, 100, '2022-01-01', '7.7', 51, '2023-02-03 18:05:58', '2023-02-03 18:06:58', 0),
(02203090012, 12, 100, '2022-01-01', '7.7', 51, '2023-02-03 18:05:58', '2023-02-03 18:06:58', 0),
(02203090013, 13, 100, '2022-01-01', '7.7', 51, '2023-02-03 18:05:58', '2023-02-03 18:06:58', 0),
(02203100002, 2, 100, '2022-01-01', '9.4', 46, '2023-02-03 18:05:58', '2023-02-03 18:06:58', 0),
(02203100003, 3, 100, '2022-01-01', '9.4', 46, '2023-02-03 18:05:58', '2023-02-03 18:06:58', 0),
(02203100004, 4, 100, '2022-01-01', '9.4', 46, '2023-02-03 18:05:58', '2023-02-03 18:06:58', 0),
(02203100005, 5, 100, '2022-01-01', '9.4', 46, '2023-02-03 18:05:58', '2023-02-03 18:06:58', 0),
(02203100006, 6, 100, '2022-01-01', '9.4', 46, '2023-02-03 18:05:58', '2023-02-03 18:06:58', 0),
(02203100007, 7, 100, '2022-01-01', '9.4', 46, '2023-02-03 18:05:58', '2023-02-03 18:06:58', 0),
(02203100008, 8, 100, '2022-01-01', '9.4', 46, '2023-02-03 18:05:58', '2023-02-03 18:06:58', 0),
(02203100009, 9, 100, '2022-01-01', '9.4', 46, '2023-02-03 18:05:58', '2023-02-03 18:06:58', 0),
(02203100010, 10, 100, '2022-01-01', '9.4', 46, '2023-02-03 18:05:58', '2023-02-03 18:06:58', 0),
(02203100011, 11, 100, '2022-01-01', '9.4', 46, '2023-02-03 18:05:58', '2023-02-03 18:06:58', 0),
(02203100012, 12, 100, '2022-01-01', '9.4', 46, '2023-02-03 18:05:58', '2023-02-03 18:06:58', 0),
(02203100013, 13, 100, '2022-01-01', '9.4', 46, '2023-02-03 18:05:58', '2023-02-03 18:06:58', 0),
(02203110002, 2, 100, '2022-01-01', '11.1', 57, '2023-02-03 18:05:58', '2023-02-03 18:06:58', 0),
(02203110003, 3, 100, '2022-01-01', '11.1', 57, '2023-02-03 18:05:58', '2023-02-03 18:06:58', 0),
(02203110004, 4, 100, '2022-01-01', '11.1', 57, '2023-02-03 18:05:58', '2023-02-03 18:06:58', 0),
(02203110005, 5, 100, '2022-01-01', '11.1', 57, '2023-02-03 18:05:58', '2023-02-03 18:06:58', 0),
(02203110006, 6, 100, '2022-01-01', '11.1', 57, '2023-02-03 18:05:58', '2023-02-03 18:06:58', 0),
(02203110007, 7, 100, '2022-01-01', '11.1', 57, '2023-02-03 18:05:58', '2023-02-03 18:06:58', 0),
(02203110008, 8, 100, '2022-01-01', '11.1', 57, '2023-02-03 18:05:58', '2023-02-03 18:06:58', 0),
(02203110009, 9, 100, '2022-01-01', '11.1', 57, '2023-02-03 18:05:58', '2023-02-03 18:06:58', 0),
(02203110010, 10, 100, '2022-01-01', '11.1', 57, '2023-02-03 18:05:58', '2023-02-03 18:06:58', 0),
(02203110011, 11, 100, '2022-01-01', '11.1', 57, '2023-02-03 18:05:58', '2023-02-03 18:06:58', 0),
(02203110012, 12, 100, '2022-01-01', '11.1', 57, '2023-02-03 18:05:58', '2023-02-03 18:06:58', 0),
(02203110013, 13, 100, '2022-01-01', '11.1', 57, '2023-02-03 18:05:58', '2023-02-03 18:06:58', 0),
(02203120002, 2, 100, '2022-01-01', '14.4', 56, '2023-02-03 18:05:58', '2023-02-03 18:06:58', 0),
(02203120003, 3, 100, '2022-01-01', '14.4', 56, '2023-02-03 18:05:58', '2023-02-03 18:06:58', 0),
(02203120004, 4, 100, '2022-01-01', '14.4', 56, '2023-02-03 18:05:58', '2023-02-03 18:06:58', 0),
(02203120005, 5, 100, '2022-01-01', '14.4', 56, '2023-02-03 18:05:58', '2023-02-03 18:06:58', 0),
(02203120006, 6, 100, '2022-01-01', '14.4', 56, '2023-02-03 18:05:58', '2023-02-03 18:06:58', 0),
(02203120007, 7, 100, '2022-01-01', '14.4', 56, '2023-02-03 18:05:58', '2023-02-03 18:06:58', 0),
(02203120008, 8, 100, '2022-01-01', '14.4', 56, '2023-02-03 18:05:58', '2023-02-03 18:06:58', 0),
(02203120009, 9, 100, '2022-01-01', '14.4', 56, '2023-02-03 18:05:58', '2023-02-03 18:06:58', 0),
(02203120010, 10, 100, '2022-01-01', '14.4', 56, '2023-02-03 18:05:58', '2023-02-03 18:06:58', 0),
(02203120011, 11, 100, '2022-01-01', '14.4', 56, '2023-02-03 18:05:58', '2023-02-03 18:06:58', 0),
(02203120012, 12, 100, '2022-01-01', '14.4', 56, '2023-02-03 18:05:58', '2023-02-03 18:06:58', 0),
(02203120013, 13, 100, '2022-01-01', '14.4', 56, '2023-02-03 18:05:58', '2023-02-03 18:06:58', 0),
(02203130002, 2, 100, '2022-01-01', '16', 58, '2023-02-03 18:05:58', '2023-02-03 18:06:58', 0),
(02203130003, 3, 100, '2022-01-01', '16', 58, '2023-02-03 18:05:58', '2023-02-03 18:06:58', 0),
(02203130004, 4, 100, '2022-01-01', '16', 58, '2023-02-03 18:05:58', '2023-02-03 18:06:58', 0),
(02203130005, 5, 100, '2022-01-01', '16', 58, '2023-02-03 18:05:58', '2023-02-03 18:06:58', 0),
(02203130006, 6, 100, '2022-01-01', '16', 58, '2023-02-03 18:05:58', '2023-02-03 18:06:58', 0),
(02203130007, 7, 100, '2022-01-01', '16', 58, '2023-02-03 18:05:58', '2023-02-03 18:06:58', 0),
(02203130008, 8, 100, '2022-01-01', '16', 58, '2023-02-03 18:05:58', '2023-02-03 18:06:58', 0),
(02203130009, 9, 100, '2022-01-01', '16', 58, '2023-02-03 18:05:58', '2023-02-03 18:06:58', 0),
(02203130010, 10, 100, '2022-01-01', '16', 58, '2023-02-03 18:05:58', '2023-02-03 18:06:58', 0),
(02203130011, 11, 100, '2022-01-01', '16', 58, '2023-02-03 18:05:58', '2023-02-03 18:06:58', 0),
(02203130012, 12, 100, '2022-01-01', '16', 58, '2023-02-03 18:05:58', '2023-02-03 18:06:58', 0),
(02203130013, 13, 100, '2022-01-01', '16', 58, '2023-02-03 18:05:58', '2023-02-03 18:06:58', 0),
(02203140002, 2, 100, '2022-01-01', '16.9', 70, '2023-02-03 18:05:58', '2023-02-03 18:06:58', 0),
(02203140003, 3, 100, '2022-01-01', '16.9', 70, '2023-02-03 18:05:58', '2023-02-03 18:06:58', 0),
(02203140004, 4, 100, '2022-01-01', '16.9', 70, '2023-02-03 18:05:58', '2023-02-03 18:06:58', 0),
(02203140005, 5, 100, '2022-01-01', '16.9', 70, '2023-02-03 18:05:58', '2023-02-03 18:06:58', 0),
(02203140006, 6, 100, '2022-01-01', '16.9', 70, '2023-02-03 18:05:58', '2023-02-03 18:06:58', 0),
(02203140007, 7, 100, '2022-01-01', '16.9', 70, '2023-02-03 18:05:58', '2023-02-03 18:06:58', 0),
(02203140008, 8, 100, '2022-01-01', '16.9', 70, '2023-02-03 18:05:58', '2023-02-03 18:06:58', 0),
(02203140009, 9, 100, '2022-01-01', '16.9', 70, '2023-02-03 18:05:58', '2023-02-03 18:06:58', 0),
(02203140010, 10, 100, '2022-01-01', '16.9', 70, '2023-02-03 18:05:58', '2023-02-03 18:06:58', 0),
(02203140011, 11, 100, '2022-01-01', '16.9', 70, '2023-02-03 18:05:58', '2023-02-03 18:06:58', 0),
(02203140012, 12, 100, '2022-01-01', '16.9', 70, '2023-02-03 18:05:58', '2023-02-03 18:06:58', 0),
(02203140013, 13, 100, '2022-01-01', '16.9', 70, '2023-02-03 18:05:58', '2023-02-03 18:06:58', 0),
(02203150002, 2, 100, '2022-01-01', '15', 61, '2023-02-03 18:05:58', '2023-02-03 18:06:58', 0),
(02203150003, 3, 100, '2022-01-01', '15', 61, '2023-02-03 18:05:58', '2023-02-03 18:06:58', 0),
(02203150004, 4, 100, '2022-01-01', '15', 61, '2023-02-03 18:05:58', '2023-02-03 18:06:58', 0),
(02203150005, 5, 100, '2022-01-01', '15', 61, '2023-02-03 18:05:58', '2023-02-03 18:06:58', 0),
(02203150006, 6, 100, '2022-01-01', '15', 61, '2023-02-03 18:05:58', '2023-02-03 18:06:58', 0),
(02203150007, 7, 100, '2022-01-01', '15', 61, '2023-02-03 18:05:58', '2023-02-03 18:06:58', 0),
(02203150008, 8, 100, '2022-01-01', '15', 61, '2023-02-03 18:05:58', '2023-02-03 18:06:58', 0),
(02203150009, 9, 100, '2022-01-01', '15', 61, '2023-02-03 18:05:58', '2023-02-03 18:06:58', 0),
(02203150010, 10, 100, '2022-01-01', '15', 61, '2023-02-03 18:05:58', '2023-02-03 18:06:58', 0),
(02203150011, 11, 100, '2022-01-01', '15', 61, '2023-02-03 18:05:58', '2023-02-03 18:06:58', 0),
(02203150012, 12, 100, '2022-01-01', '15', 61, '2023-02-03 18:05:58', '2023-02-03 18:06:58', 0),
(02203150013, 13, 100, '2022-01-01', '15', 61, '2023-02-03 18:05:58', '2023-02-03 18:06:58', 0),
(02203160002, 2, 100, '2022-01-01', '14.3', 44, '2023-02-03 18:05:58', '2023-02-03 18:06:58', 0),
(02203160003, 3, 100, '2022-01-01', '14.3', 44, '2023-02-03 18:05:58', '2023-02-03 18:06:58', 0),
(02203160004, 4, 100, '2022-01-01', '14.3', 44, '2023-02-03 18:05:58', '2023-02-03 18:06:58', 0),
(02203160005, 5, 100, '2022-01-01', '14.3', 44, '2023-02-03 18:05:58', '2023-02-03 18:06:58', 0),
(02203160006, 6, 100, '2022-01-01', '14.3', 44, '2023-02-03 18:05:58', '2023-02-03 18:06:58', 0),
(02203160007, 7, 100, '2022-01-01', '14.3', 44, '2023-02-03 18:05:58', '2023-02-03 18:06:58', 0),
(02203160008, 8, 100, '2022-01-01', '14.3', 44, '2023-02-03 18:05:58', '2023-02-03 18:06:58', 0),
(02203160009, 9, 100, '2022-01-01', '14.3', 44, '2023-02-03 18:05:58', '2023-02-03 18:06:58', 0),
(02203160010, 10, 100, '2022-01-01', '14.3', 44, '2023-02-03 18:05:58', '2023-02-03 18:06:58', 0),
(02203160011, 11, 100, '2022-01-01', '14.3', 44, '2023-02-03 18:05:58', '2023-02-03 18:06:58', 0),
(02203160012, 12, 100, '2022-01-01', '14.3', 44, '2023-02-03 18:05:58', '2023-02-03 18:06:58', 0),
(02203160013, 13, 100, '2022-01-01', '14.3', 44, '2023-02-03 18:05:58', '2023-02-03 18:06:58', 0),
(02203170002, 2, 100, '2022-01-01', '13.8', 45, '2023-02-03 18:05:58', '2023-02-03 18:06:58', 0),
(02203170003, 3, 100, '2022-01-01', '13.8', 45, '2023-02-03 18:05:58', '2023-02-03 18:06:58', 0),
(02203170004, 4, 100, '2022-01-01', '13.8', 45, '2023-02-03 18:05:58', '2023-02-03 18:06:58', 0),
(02203170005, 5, 100, '2022-01-01', '13.8', 45, '2023-02-03 18:05:58', '2023-02-03 18:06:58', 0),
(02203170006, 6, 100, '2022-01-01', '13.8', 45, '2023-02-03 18:05:58', '2023-02-03 18:06:58', 0),
(02203170007, 7, 100, '2022-01-01', '13.8', 45, '2023-02-03 18:05:58', '2023-02-03 18:06:58', 0),
(02203170008, 8, 100, '2022-01-01', '13.8', 45, '2023-02-03 18:05:58', '2023-02-03 18:06:58', 0),
(02203170009, 9, 100, '2022-01-01', '13.8', 45, '2023-02-03 18:05:58', '2023-02-03 18:06:58', 0),
(02203170010, 10, 100, '2022-01-01', '13.8', 45, '2023-02-03 18:05:58', '2023-02-03 18:06:58', 0),
(02203170011, 11, 100, '2022-01-01', '13.8', 45, '2023-02-03 18:05:58', '2023-02-03 18:06:58', 0),
(02203170012, 12, 100, '2022-01-01', '13.8', 45, '2023-02-03 18:05:58', '2023-02-03 18:06:58', 0),
(02203170013, 13, 100, '2022-01-01', '13.8', 45, '2023-02-03 18:05:58', '2023-02-03 18:06:58', 0),
(02203180002, 2, 100, '2022-01-01', '11', 84, '2023-02-03 18:05:58', '2023-02-03 18:06:58', 0),
(02203180003, 3, 100, '2022-01-01', '11', 84, '2023-02-03 18:05:58', '2023-02-03 18:06:58', 0),
(02203180004, 4, 100, '2022-01-01', '11', 84, '2023-02-03 18:05:58', '2023-02-03 18:06:58', 0),
(02203180005, 5, 100, '2022-01-01', '11', 84, '2023-02-03 18:05:58', '2023-02-03 18:06:58', 0),
(02203180006, 6, 100, '2022-01-01', '11', 84, '2023-02-03 18:05:58', '2023-02-03 18:06:58', 0),
(02203180007, 7, 100, '2022-01-01', '11', 84, '2023-02-03 18:05:58', '2023-02-03 18:06:58', 0),
(02203180008, 8, 100, '2022-01-01', '11', 84, '2023-02-03 18:05:58', '2023-02-03 18:06:58', 0),
(02203180009, 9, 100, '2022-01-01', '11', 84, '2023-02-03 18:05:58', '2023-02-03 18:06:58', 0),
(02203180010, 10, 100, '2022-01-01', '11', 84, '2023-02-03 18:05:58', '2023-02-03 18:06:58', 0),
(02203180011, 11, 100, '2022-01-01', '11', 84, '2023-02-03 18:05:58', '2023-02-03 18:06:58', 0),
(02203180012, 12, 100, '2022-01-01', '11', 84, '2023-02-03 18:05:58', '2023-02-03 18:06:58', 0),
(02203180013, 13, 100, '2022-01-01', '11', 84, '2023-02-03 18:05:58', '2023-02-03 18:06:58', 0),
(02203190002, 2, 100, '2022-01-01', '10.3', 71, '2023-02-03 18:05:58', '2023-02-03 18:06:58', 0),
(02203190003, 3, 100, '2022-01-01', '10.3', 71, '2023-02-03 18:05:58', '2023-02-03 18:06:58', 0),
(02203190004, 4, 100, '2022-01-01', '10.3', 71, '2023-02-03 18:05:58', '2023-02-03 18:06:58', 0),
(02203190005, 5, 100, '2022-01-01', '10.3', 71, '2023-02-03 18:05:58', '2023-02-03 18:06:58', 0),
(02203190006, 6, 100, '2022-01-01', '10.3', 71, '2023-02-03 18:05:58', '2023-02-03 18:06:58', 0),
(02203190007, 7, 100, '2022-01-01', '10.3', 71, '2023-02-03 18:05:58', '2023-02-03 18:06:58', 0),
(02203190008, 8, 100, '2022-01-01', '10.3', 71, '2023-02-03 18:05:58', '2023-02-03 18:06:58', 0),
(02203190009, 9, 100, '2022-01-01', '10.3', 71, '2023-02-03 18:05:58', '2023-02-03 18:06:58', 0),
(02203190010, 10, 100, '2022-01-01', '10.3', 71, '2023-02-03 18:05:58', '2023-02-03 18:06:58', 0),
(02203190011, 11, 100, '2022-01-01', '10.3', 71, '2023-02-03 18:05:58', '2023-02-03 18:06:58', 0),
(02203190012, 12, 100, '2022-01-01', '10.3', 71, '2023-02-03 18:05:58', '2023-02-03 18:06:58', 0),
(02203190013, 13, 100, '2022-01-01', '10.3', 71, '2023-02-03 18:05:58', '2023-02-03 18:06:58', 0),
(02203200002, 2, 100, '2022-01-01', '9.1', 53, '2023-02-03 18:05:58', '2023-02-03 18:06:58', 0),
(02203200003, 3, 100, '2022-01-01', '9.1', 53, '2023-02-03 18:05:58', '2023-02-03 18:06:58', 0),
(02203200004, 4, 100, '2022-01-01', '9.1', 53, '2023-02-03 18:05:58', '2023-02-03 18:06:58', 0),
(02203200005, 5, 100, '2022-01-01', '9.1', 53, '2023-02-03 18:05:58', '2023-02-03 18:06:58', 0),
(02203200006, 6, 100, '2022-01-01', '9.1', 53, '2023-02-03 18:05:58', '2023-02-03 18:06:58', 0),
(02203200007, 7, 100, '2022-01-01', '9.1', 53, '2023-02-03 18:05:58', '2023-02-03 18:06:58', 0),
(02203200008, 8, 100, '2022-01-01', '9.1', 53, '2023-02-03 18:05:58', '2023-02-03 18:06:58', 0),
(02203200009, 9, 100, '2022-01-01', '9.1', 53, '2023-02-03 18:05:58', '2023-02-03 18:06:58', 0),
(02203200010, 10, 100, '2022-01-01', '9.1', 53, '2023-02-03 18:05:58', '2023-02-03 18:06:58', 0),
(02203200011, 11, 100, '2022-01-01', '9.1', 53, '2023-02-03 18:05:58', '2023-02-03 18:06:58', 0),
(02203200012, 12, 100, '2022-01-01', '9.1', 53, '2023-02-03 18:05:58', '2023-02-03 18:06:58', 0),
(02203200013, 13, 100, '2022-01-01', '9.1', 53, '2023-02-03 18:05:58', '2023-02-03 18:06:58', 0),
(02203210002, 2, 100, '2022-01-01', '10', 49, '2023-02-03 18:05:58', '2023-02-03 18:06:58', 0),
(02203210003, 3, 100, '2022-01-01', '10', 49, '2023-02-03 18:05:58', '2023-02-03 18:06:58', 0),
(02203210004, 4, 100, '2022-01-01', '10', 49, '2023-02-03 18:05:58', '2023-02-03 18:06:58', 0),
(02203210005, 5, 100, '2022-01-01', '10', 49, '2023-02-03 18:05:58', '2023-02-03 18:06:58', 0),
(02203210006, 6, 100, '2022-01-01', '10', 49, '2023-02-03 18:05:58', '2023-02-03 18:06:58', 0),
(02203210007, 7, 100, '2022-01-01', '10', 49, '2023-02-03 18:05:58', '2023-02-03 18:06:58', 0),
(02203210008, 8, 100, '2022-01-01', '10', 49, '2023-02-03 18:05:58', '2023-02-03 18:06:58', 0),
(02203210009, 9, 100, '2022-01-01', '10', 49, '2023-02-03 18:05:58', '2023-02-03 18:06:58', 0),
(02203210010, 10, 100, '2022-01-01', '10', 49, '2023-02-03 18:05:58', '2023-02-03 18:06:58', 0),
(02203210011, 11, 100, '2022-01-01', '10', 49, '2023-02-03 18:05:58', '2023-02-03 18:06:58', 0),
(02203210012, 12, 100, '2022-01-01', '10', 49, '2023-02-03 18:05:58', '2023-02-03 18:06:58', 0),
(02203210013, 13, 100, '2022-01-01', '10', 49, '2023-02-03 18:05:58', '2023-02-03 18:06:58', 0),
(02203220002, 2, 100, '2022-01-01', '7.6', 75, '2023-02-03 18:05:58', '2023-02-03 18:06:58', 0),
(02203220003, 3, 100, '2022-01-01', '7.6', 75, '2023-02-03 18:05:58', '2023-02-03 18:06:58', 0),
(02203220004, 4, 100, '2022-01-01', '7.6', 75, '2023-02-03 18:05:58', '2023-02-03 18:06:58', 0),
(02203220005, 5, 100, '2022-01-01', '7.6', 75, '2023-02-03 18:05:58', '2023-02-03 18:06:58', 0),
(02203220006, 6, 100, '2022-01-01', '7.6', 75, '2023-02-03 18:05:58', '2023-02-03 18:06:58', 0),
(02203220007, 7, 100, '2022-01-01', '7.6', 75, '2023-02-03 18:05:58', '2023-02-03 18:06:58', 0),
(02203220008, 8, 100, '2022-01-01', '7.6', 75, '2023-02-03 18:05:58', '2023-02-03 18:06:58', 0),
(02203220009, 9, 100, '2022-01-01', '7.6', 75, '2023-02-03 18:05:58', '2023-02-03 18:06:58', 0),
(02203220010, 10, 100, '2022-01-01', '7.6', 75, '2023-02-03 18:05:58', '2023-02-03 18:06:58', 0),
(02203220011, 11, 100, '2022-01-01', '7.6', 75, '2023-02-03 18:05:58', '2023-02-03 18:06:58', 0),
(02203220012, 12, 100, '2022-01-01', '7.6', 75, '2023-02-03 18:05:58', '2023-02-03 18:06:58', 0),
(02203220013, 13, 100, '2022-01-01', '7.6', 75, '2023-02-03 18:05:58', '2023-02-03 18:06:58', 0),
(02203230002, 2, 100, '2022-01-01', '7.6', 70, '2023-02-03 18:05:58', '2023-02-03 18:06:58', 0),
(02203230003, 3, 100, '2022-01-01', '7.6', 70, '2023-02-03 18:05:58', '2023-02-03 18:06:58', 0),
(02203230004, 4, 100, '2022-01-01', '7.6', 70, '2023-02-03 18:05:58', '2023-02-03 18:06:58', 0),
(02203230005, 5, 100, '2022-01-01', '7.6', 70, '2023-02-03 18:05:58', '2023-02-03 18:06:58', 0),
(02203230006, 6, 100, '2022-01-01', '7.6', 70, '2023-02-03 18:05:58', '2023-02-03 18:06:58', 0),
(02203230007, 7, 100, '2022-01-01', '7.6', 70, '2023-02-03 18:05:58', '2023-02-03 18:06:58', 0),
(02203230008, 8, 100, '2022-01-01', '7.6', 70, '2023-02-03 18:05:58', '2023-02-03 18:06:58', 0),
(02203230009, 9, 100, '2022-01-01', '7.6', 70, '2023-02-03 18:05:58', '2023-02-03 18:06:58', 0),
(02203230010, 10, 100, '2022-01-01', '7.6', 70, '2023-02-03 18:05:58', '2023-02-03 18:06:58', 0),
(02203230011, 11, 100, '2022-01-01', '7.6', 70, '2023-02-03 18:05:58', '2023-02-03 18:06:58', 0),
(02203230012, 12, 100, '2022-01-01', '7.6', 70, '2023-02-03 18:05:58', '2023-02-03 18:06:58', 0),
(02203230013, 13, 100, '2022-01-01', '7.6', 70, '2023-02-03 18:05:58', '2023-02-03 18:06:58', 0),
(02203240002, 2, 100, '2022-01-01', '10.8', 55, '2023-02-03 18:05:58', '2023-02-03 18:06:58', 0),
(02203240003, 3, 100, '2022-01-01', '10.8', 55, '2023-02-03 18:05:58', '2023-02-03 18:06:58', 0),
(02203240004, 4, 100, '2022-01-01', '10.8', 55, '2023-02-03 18:05:58', '2023-02-03 18:06:58', 0),
(02203240005, 5, 100, '2022-01-01', '10.8', 55, '2023-02-03 18:05:58', '2023-02-03 18:06:58', 0),
(02203240006, 6, 100, '2022-01-01', '10.8', 55, '2023-02-03 18:05:58', '2023-02-03 18:06:58', 0),
(02203240007, 7, 100, '2022-01-01', '10.8', 55, '2023-02-03 18:05:58', '2023-02-03 18:06:58', 0),
(02203240008, 8, 100, '2022-01-01', '10.8', 55, '2023-02-03 18:05:58', '2023-02-03 18:06:58', 0),
(02203240009, 9, 100, '2022-01-01', '10.8', 55, '2023-02-03 18:05:58', '2023-02-03 18:06:58', 0),
(02203240010, 10, 100, '2022-01-01', '10.8', 55, '2023-02-03 18:05:58', '2023-02-03 18:06:58', 0),
(02203240011, 11, 100, '2022-01-01', '10.8', 55, '2023-02-03 18:05:58', '2023-02-03 18:06:58', 0),
(02203240012, 12, 100, '2022-01-01', '10.8', 55, '2023-02-03 18:05:58', '2023-02-03 18:06:58', 0),
(02203240013, 13, 100, '2022-01-01', '10.8', 55, '2023-02-03 18:05:58', '2023-02-03 18:06:58', 0),
(02203250002, 2, 100, '2022-01-01', '12.4', 58, '2023-02-03 18:05:58', '2023-02-03 18:06:58', 0),
(02203250003, 3, 100, '2022-01-01', '12.4', 58, '2023-02-03 18:05:58', '2023-02-03 18:06:58', 0),
(02203250004, 4, 100, '2022-01-01', '12.4', 58, '2023-02-03 18:05:58', '2023-02-03 18:06:58', 0),
(02203250005, 5, 100, '2022-01-01', '12.4', 58, '2023-02-03 18:05:58', '2023-02-03 18:06:58', 0),
(02203250006, 6, 100, '2022-01-01', '12.4', 58, '2023-02-03 18:05:58', '2023-02-03 18:06:58', 0),
(02203250007, 7, 100, '2022-01-01', '12.4', 58, '2023-02-03 18:05:58', '2023-02-03 18:06:58', 0),
(02203250008, 8, 100, '2022-01-01', '12.4', 58, '2023-02-03 18:05:58', '2023-02-03 18:06:58', 0),
(02203250009, 9, 100, '2022-01-01', '12.4', 58, '2023-02-03 18:05:58', '2023-02-03 18:06:58', 0),
(02203250010, 10, 100, '2022-01-01', '12.4', 58, '2023-02-03 18:05:58', '2023-02-03 18:06:58', 0),
(02203250011, 11, 100, '2022-01-01', '12.4', 58, '2023-02-03 18:05:58', '2023-02-03 18:06:58', 0),
(02203250012, 12, 100, '2022-01-01', '12.4', 58, '2023-02-03 18:05:58', '2023-02-03 18:06:58', 0),
(02203250013, 13, 100, '2022-01-01', '12.4', 58, '2023-02-03 18:05:58', '2023-02-03 18:06:58', 0),
(02203260002, 2, 100, '2022-01-01', '15', 86, '2023-02-03 18:05:58', '2023-02-03 18:06:58', 0),
(02203260003, 3, 100, '2022-01-01', '15', 86, '2023-02-03 18:05:58', '2023-02-03 18:06:58', 0),
(02203260004, 4, 100, '2022-01-01', '15', 86, '2023-02-03 18:05:58', '2023-02-03 18:06:58', 0),
(02203260005, 5, 100, '2022-01-01', '15', 86, '2023-02-03 18:05:58', '2023-02-03 18:06:58', 0),
(02203260006, 6, 100, '2022-01-01', '15', 86, '2023-02-03 18:05:58', '2023-02-03 18:06:58', 0),
(02203260007, 7, 100, '2022-01-01', '15', 86, '2023-02-03 18:05:58', '2023-02-03 18:06:58', 0),
(02203260008, 8, 100, '2022-01-01', '15', 86, '2023-02-03 18:05:58', '2023-02-03 18:06:58', 0),
(02203260009, 9, 100, '2022-01-01', '15', 86, '2023-02-03 18:05:58', '2023-02-03 18:06:58', 0),
(02203260010, 10, 100, '2022-01-01', '15', 86, '2023-02-03 18:05:58', '2023-02-03 18:06:58', 0),
(02203260011, 11, 100, '2022-01-01', '15', 86, '2023-02-03 18:05:58', '2023-02-03 18:06:58', 0),
(02203260012, 12, 100, '2022-01-01', '15', 86, '2023-02-03 18:05:58', '2023-02-03 18:06:58', 0),
(02203260013, 13, 100, '2022-01-01', '15', 86, '2023-02-03 18:05:58', '2023-02-03 18:06:58', 0),
(02203270002, 2, 100, '2022-01-01', '15.1', 56, '2023-02-03 18:05:58', '2023-02-03 18:06:58', 0),
(02203270003, 3, 100, '2022-01-01', '15.1', 56, '2023-02-03 18:05:58', '2023-02-03 18:06:58', 0),
(02203270004, 4, 100, '2022-01-01', '15.1', 56, '2023-02-03 18:05:58', '2023-02-03 18:06:58', 0),
(02203270005, 5, 100, '2022-01-01', '15.1', 56, '2023-02-03 18:05:58', '2023-02-03 18:06:58', 0),
(02203270006, 6, 100, '2022-01-01', '15.1', 56, '2023-02-03 18:05:58', '2023-02-03 18:06:58', 0),
(02203270007, 7, 100, '2022-01-01', '15.1', 56, '2023-02-03 18:05:58', '2023-02-03 18:06:58', 0),
(02203270008, 8, 100, '2022-01-01', '15.1', 56, '2023-02-03 18:05:58', '2023-02-03 18:06:58', 0),
(02203270009, 9, 100, '2022-01-01', '15.1', 56, '2023-02-03 18:05:58', '2023-02-03 18:06:58', 0),
(02203270010, 10, 100, '2022-01-01', '15.1', 56, '2023-02-03 18:05:58', '2023-02-03 18:06:58', 0),
(02203270011, 11, 100, '2022-01-01', '15.1', 56, '2023-02-03 18:05:58', '2023-02-03 18:06:58', 0),
(02203270012, 12, 100, '2022-01-01', '15.1', 56, '2023-02-03 18:05:58', '2023-02-03 18:06:58', 0),
(02203270013, 13, 100, '2022-01-01', '15.1', 56, '2023-02-03 18:05:58', '2023-02-03 18:06:58', 0),
(02203280002, 2, 100, '2022-01-01', '12', 46, '2023-02-03 18:05:58', '2023-02-03 18:06:58', 0),
(02203280003, 3, 100, '2022-01-01', '12', 46, '2023-02-03 18:05:58', '2023-02-03 18:06:58', 0),
(02203280004, 4, 100, '2022-01-01', '12', 46, '2023-02-03 18:05:58', '2023-02-03 18:06:58', 0),
(02203280005, 5, 100, '2022-01-01', '12', 46, '2023-02-03 18:05:58', '2023-02-03 18:06:58', 0),
(02203280006, 6, 100, '2022-01-01', '12', 46, '2023-02-03 18:05:58', '2023-02-03 18:06:58', 0),
(02203280007, 7, 100, '2022-01-01', '12', 46, '2023-02-03 18:05:58', '2023-02-03 18:06:58', 0),
(02203280008, 8, 100, '2022-01-01', '12', 46, '2023-02-03 18:05:58', '2023-02-03 18:06:58', 0),
(02203280009, 9, 100, '2022-01-01', '12', 46, '2023-02-03 18:05:58', '2023-02-03 18:06:58', 0),
(02203280010, 10, 100, '2022-01-01', '12', 46, '2023-02-03 18:05:58', '2023-02-03 18:06:58', 0),
(02203280011, 11, 100, '2022-01-01', '12', 46, '2023-02-03 18:05:58', '2023-02-03 18:06:58', 0),
(02203280012, 12, 100, '2022-01-01', '12', 46, '2023-02-03 18:05:58', '2023-02-03 18:06:58', 0);
INSERT INTO `t_receipts` (`f_receipt_id`, `f_customer_id`, `f_receipt_payment`, `f_receipt_buy_time`, `f_receipt_temperature`, `f_receipt_humidity`, `f_receipt_startusedaytime`, `f_receipt_endusedaytime`, `f_receipt_isreserved`) VALUES
(02203280013, 13, 100, '2022-01-01', '12', 46, '2023-02-03 18:05:58', '2023-02-03 18:06:58', 0),
(02203290002, 2, 100, '2022-01-01', '12.5', 56, '2023-02-03 18:05:58', '2023-02-03 18:06:58', 0),
(02203290003, 3, 100, '2022-01-01', '12.5', 56, '2023-02-03 18:05:58', '2023-02-03 18:06:58', 0),
(02203290004, 4, 100, '2022-01-01', '12.5', 56, '2023-02-03 18:05:58', '2023-02-03 18:06:58', 0),
(02203290005, 5, 100, '2022-01-01', '12.5', 56, '2023-02-03 18:05:58', '2023-02-03 18:06:58', 0),
(02203290006, 6, 100, '2022-01-01', '12.5', 56, '2023-02-03 18:05:58', '2023-02-03 18:06:58', 0),
(02203290007, 7, 100, '2022-01-01', '12.5', 56, '2023-02-03 18:05:58', '2023-02-03 18:06:58', 0),
(02203290008, 8, 100, '2022-01-01', '12.5', 56, '2023-02-03 18:05:58', '2023-02-03 18:06:58', 0),
(02203290009, 9, 100, '2022-01-01', '12.5', 56, '2023-02-03 18:05:58', '2023-02-03 18:06:58', 0),
(02203290010, 10, 100, '2022-01-01', '12.5', 56, '2023-02-03 18:05:58', '2023-02-03 18:06:58', 0),
(02203290011, 11, 100, '2022-01-01', '12.5', 56, '2023-02-03 18:05:58', '2023-02-03 18:06:58', 0),
(02203290012, 12, 100, '2022-01-01', '12.5', 56, '2023-02-03 18:05:58', '2023-02-03 18:06:58', 0),
(02203290013, 13, 100, '2022-01-01', '12.5', 56, '2023-02-03 18:05:58', '2023-02-03 18:06:58', 0),
(02203300002, 2, 100, '2022-01-01', '16.6', 64, '2023-02-03 18:05:58', '2023-02-03 18:06:58', 0),
(02203300003, 3, 100, '2022-01-01', '16.6', 64, '2023-02-03 18:05:58', '2023-02-03 18:06:58', 0),
(02203300004, 4, 100, '2022-01-01', '16.6', 64, '2023-02-03 18:05:58', '2023-02-03 18:06:58', 0),
(02203300005, 5, 100, '2022-01-01', '16.6', 64, '2023-02-03 18:05:58', '2023-02-03 18:06:58', 0),
(02203300006, 6, 100, '2022-01-01', '16.6', 64, '2023-02-03 18:05:58', '2023-02-03 18:06:58', 0),
(02203300007, 7, 100, '2022-01-01', '16.6', 64, '2023-02-03 18:05:58', '2023-02-03 18:06:58', 0),
(02203300008, 8, 100, '2022-01-01', '16.6', 64, '2023-02-03 18:05:58', '2023-02-03 18:06:58', 0),
(02203300009, 9, 100, '2022-01-01', '16.6', 64, '2023-02-03 18:05:58', '2023-02-03 18:06:58', 0),
(02203300010, 10, 100, '2022-01-01', '16.6', 64, '2023-02-03 18:05:58', '2023-02-03 18:06:58', 0),
(02203300011, 11, 100, '2022-01-01', '16.6', 64, '2023-02-03 18:05:58', '2023-02-03 18:06:58', 0),
(02203300012, 12, 100, '2022-01-01', '16.6', 64, '2023-02-03 18:05:58', '2023-02-03 18:06:58', 0),
(02203300013, 13, 100, '2022-01-01', '16.6', 64, '2023-02-03 18:05:58', '2023-02-03 18:06:58', 0),
(02203310002, 2, 100, '2022-01-01', '14.7', 73, '2023-02-03 18:05:58', '2023-02-03 18:06:58', 0),
(02203310003, 3, 100, '2022-01-01', '14.7', 73, '2023-02-03 18:05:58', '2023-02-03 18:06:58', 0),
(02203310004, 4, 100, '2022-01-01', '14.7', 73, '2023-02-03 18:05:58', '2023-02-03 18:06:58', 0),
(02203310005, 5, 100, '2022-01-01', '14.7', 73, '2023-02-03 18:05:58', '2023-02-03 18:06:58', 0),
(02203310006, 6, 100, '2022-01-01', '14.7', 73, '2023-02-03 18:05:58', '2023-02-03 18:06:58', 0),
(02203310007, 7, 100, '2022-01-01', '14.7', 73, '2023-02-03 18:05:58', '2023-02-03 18:06:58', 0),
(02203310008, 8, 100, '2022-01-01', '14.7', 73, '2023-02-03 18:05:58', '2023-02-03 18:06:58', 0),
(02203310009, 9, 100, '2022-01-01', '14.7', 73, '2023-02-03 18:05:58', '2023-02-03 18:06:58', 0),
(02203310010, 10, 100, '2022-01-01', '14.7', 73, '2023-02-03 18:05:58', '2023-02-03 18:06:58', 0),
(02203310011, 11, 100, '2022-01-01', '14.7', 73, '2023-02-03 18:05:58', '2023-02-03 18:06:58', 0),
(02203310012, 12, 100, '2022-01-01', '14.7', 73, '2023-02-03 18:05:58', '2023-02-03 18:06:58', 0),
(02203310013, 13, 100, '2022-01-01', '14.7', 73, '2023-02-03 18:05:58', '2023-02-03 18:06:58', 0),
(02204010002, 2, 100, '2022-01-01', '10.1', 41, '2023-02-03 18:05:58', '2023-02-03 18:06:58', 0),
(02204010003, 3, 100, '2022-01-01', '10.1', 41, '2023-02-03 18:05:58', '2023-02-03 18:06:58', 0),
(02204010004, 4, 100, '2022-01-01', '10.1', 41, '2023-02-03 18:05:58', '2023-02-03 18:06:58', 0),
(02204010005, 5, 100, '2022-01-01', '10.1', 41, '2023-02-03 18:05:58', '2023-02-03 18:06:58', 0),
(02204010006, 6, 100, '2022-01-01', '10.1', 41, '2023-02-03 18:05:58', '2023-02-03 18:06:58', 0),
(02204010007, 7, 100, '2022-01-01', '10.1', 41, '2023-02-03 18:05:58', '2023-02-03 18:06:58', 0),
(02204010008, 8, 100, '2022-01-01', '10.1', 41, '2023-02-03 18:05:58', '2023-02-03 18:06:58', 0),
(02204010009, 9, 100, '2022-01-01', '10.1', 41, '2023-02-03 18:05:58', '2023-02-03 18:06:58', 0),
(02204010010, 10, 100, '2022-01-01', '10.1', 41, '2023-02-03 18:05:58', '2023-02-03 18:06:58', 0),
(02204010011, 11, 100, '2022-01-01', '10.1', 41, '2023-02-03 18:05:58', '2023-02-03 18:06:58', 0),
(02204010012, 12, 100, '2022-01-01', '10.1', 41, '2023-02-03 18:05:58', '2023-02-03 18:06:58', 0),
(02204010013, 13, 100, '2022-01-01', '10.1', 41, '2023-02-03 18:05:58', '2023-02-03 18:06:58', 0),
(02204020002, 2, 100, '2022-01-01', '9.4', 56, '2023-02-03 18:05:58', '2023-02-03 18:06:58', 0),
(02204020003, 3, 100, '2022-01-01', '9.4', 56, '2023-02-03 18:05:58', '2023-02-03 18:06:58', 0),
(02204020004, 4, 100, '2022-01-01', '9.4', 56, '2023-02-03 18:05:58', '2023-02-03 18:06:58', 0),
(02204020005, 5, 100, '2022-01-01', '9.4', 56, '2023-02-03 18:05:58', '2023-02-03 18:06:58', 0),
(02204020006, 6, 100, '2022-01-01', '9.4', 56, '2023-02-03 18:05:58', '2023-02-03 18:06:58', 0),
(02204020007, 7, 100, '2022-01-01', '9.4', 56, '2023-02-03 18:05:58', '2023-02-03 18:06:58', 0),
(02204020008, 8, 100, '2022-01-01', '9.4', 56, '2023-02-03 18:05:58', '2023-02-03 18:06:58', 0),
(02204020009, 9, 100, '2022-01-01', '9.4', 56, '2023-02-03 18:05:58', '2023-02-03 18:06:58', 0),
(02204020010, 10, 100, '2022-01-01', '9.4', 56, '2023-02-03 18:05:58', '2023-02-03 18:06:58', 0),
(02204020011, 11, 100, '2022-01-01', '9.4', 56, '2023-02-03 18:05:58', '2023-02-03 18:06:58', 0),
(02204020012, 12, 100, '2022-01-01', '9.4', 56, '2023-02-03 18:05:58', '2023-02-03 18:06:58', 0),
(02204020013, 13, 100, '2022-01-01', '9.4', 56, '2023-02-03 18:05:58', '2023-02-03 18:06:58', 0),
(02204030002, 2, 100, '2022-01-01', '10.6', 81, '2023-02-03 18:05:58', '2023-02-03 18:06:58', 0),
(02204030003, 3, 100, '2022-01-01', '10.6', 81, '2023-02-03 18:05:58', '2023-02-03 18:06:58', 0),
(02204030004, 4, 100, '2022-01-01', '10.6', 81, '2023-02-03 18:05:58', '2023-02-03 18:06:58', 0),
(02204030005, 5, 100, '2022-01-01', '10.6', 81, '2023-02-03 18:05:58', '2023-02-03 18:06:58', 0),
(02204030006, 6, 100, '2022-01-01', '10.6', 81, '2023-02-03 18:05:58', '2023-02-03 18:06:58', 0),
(02204030007, 7, 100, '2022-01-01', '10.6', 81, '2023-02-03 18:05:58', '2023-02-03 18:06:58', 0),
(02204030008, 8, 100, '2022-01-01', '10.6', 81, '2023-02-03 18:05:58', '2023-02-03 18:06:58', 0),
(02204030009, 9, 100, '2022-01-01', '10.6', 81, '2023-02-03 18:05:58', '2023-02-03 18:06:58', 0),
(02204030010, 10, 100, '2022-01-01', '10.6', 81, '2023-02-03 18:05:58', '2023-02-03 18:06:58', 0),
(02204030011, 11, 100, '2022-01-01', '10.6', 81, '2023-02-03 18:05:58', '2023-02-03 18:06:58', 0),
(02204030012, 12, 100, '2022-01-01', '10.6', 81, '2023-02-03 18:05:58', '2023-02-03 18:06:58', 0),
(02204030013, 13, 100, '2022-01-01', '10.6', 81, '2023-02-03 18:05:58', '2023-02-03 18:06:58', 0),
(02204040002, 2, 100, '2022-01-01', '13.9', 63, '2023-02-03 18:05:58', '2023-02-03 18:06:58', 0),
(02204040003, 3, 100, '2022-01-01', '13.9', 63, '2023-02-03 18:05:58', '2023-02-03 18:06:58', 0),
(02204040004, 4, 100, '2022-01-01', '13.9', 63, '2023-02-03 18:05:58', '2023-02-03 18:06:58', 0),
(02204040005, 5, 100, '2022-01-01', '13.9', 63, '2023-02-03 18:05:58', '2023-02-03 18:06:58', 0),
(02204040006, 6, 100, '2022-01-01', '13.9', 63, '2023-02-03 18:05:58', '2023-02-03 18:06:58', 0),
(02204040007, 7, 100, '2022-01-01', '13.9', 63, '2023-02-03 18:05:58', '2023-02-03 18:06:58', 0),
(02204040008, 8, 100, '2022-01-01', '13.9', 63, '2023-02-03 18:05:58', '2023-02-03 18:06:58', 0),
(02204040009, 9, 100, '2022-01-01', '13.9', 63, '2023-02-03 18:05:58', '2023-02-03 18:06:58', 0),
(02204040010, 10, 100, '2022-01-01', '13.9', 63, '2023-02-03 18:05:58', '2023-02-03 18:06:58', 0),
(02204040011, 11, 100, '2022-01-01', '13.9', 63, '2023-02-03 18:05:58', '2023-02-03 18:06:58', 0),
(02204040012, 12, 100, '2022-01-01', '13.9', 63, '2023-02-03 18:05:58', '2023-02-03 18:06:58', 0),
(02204040013, 13, 100, '2022-01-01', '13.9', 63, '2023-02-03 18:05:58', '2023-02-03 18:06:58', 0),
(02204050002, 2, 100, '2022-01-01', '14.6', 53, '2023-02-03 18:05:58', '2023-02-03 18:06:58', 0),
(02204050003, 3, 100, '2022-01-01', '14.6', 53, '2023-02-03 18:05:58', '2023-02-03 18:06:58', 0),
(02204050004, 4, 100, '2022-01-01', '14.6', 53, '2023-02-03 18:05:58', '2023-02-03 18:06:58', 0),
(02204050005, 5, 100, '2022-01-01', '14.6', 53, '2023-02-03 18:05:58', '2023-02-03 18:06:58', 0),
(02204050006, 6, 100, '2022-01-01', '14.6', 53, '2023-02-03 18:05:58', '2023-02-03 18:06:58', 0),
(02204050007, 7, 100, '2022-01-01', '14.6', 53, '2023-02-03 18:05:58', '2023-02-03 18:06:58', 0),
(02204050008, 8, 100, '2022-01-01', '14.6', 53, '2023-02-03 18:05:58', '2023-02-03 18:06:58', 0),
(02204050009, 9, 100, '2022-01-01', '14.6', 53, '2023-02-03 18:05:58', '2023-02-03 18:06:58', 0),
(02204050010, 10, 100, '2022-01-01', '14.6', 53, '2023-02-03 18:05:58', '2023-02-03 18:06:58', 0),
(02204050011, 11, 100, '2022-01-01', '14.6', 53, '2023-02-03 18:05:58', '2023-02-03 18:06:58', 0),
(02204050012, 12, 100, '2022-01-01', '14.6', 53, '2023-02-03 18:05:58', '2023-02-03 18:06:58', 0),
(02204050013, 13, 100, '2022-01-01', '14.6', 53, '2023-02-03 18:05:58', '2023-02-03 18:06:58', 0),
(02204060002, 2, 100, '2022-01-01', '16.7', 49, '2023-02-03 18:05:58', '2023-02-03 18:06:58', 0),
(02204060003, 3, 100, '2022-01-01', '16.7', 49, '2023-02-03 18:05:58', '2023-02-03 18:06:58', 0),
(02204060004, 4, 100, '2022-01-01', '16.7', 49, '2023-02-03 18:05:58', '2023-02-03 18:06:58', 0),
(02204060005, 5, 100, '2022-01-01', '16.7', 49, '2023-02-03 18:05:58', '2023-02-03 18:06:58', 0),
(02204060006, 6, 100, '2022-01-01', '16.7', 49, '2023-02-03 18:05:58', '2023-02-03 18:06:58', 0),
(02204060007, 7, 100, '2022-01-01', '16.7', 49, '2023-02-03 18:05:58', '2023-02-03 18:06:58', 0),
(02204060008, 8, 100, '2022-01-01', '16.7', 49, '2023-02-03 18:05:58', '2023-02-03 18:06:58', 0),
(02204060009, 9, 100, '2022-01-01', '16.7', 49, '2023-02-03 18:05:58', '2023-02-03 18:06:58', 0),
(02204060010, 10, 100, '2022-01-01', '16.7', 49, '2023-02-03 18:05:58', '2023-02-03 18:06:58', 0),
(02204060011, 11, 100, '2022-01-01', '16.7', 49, '2023-02-03 18:05:58', '2023-02-03 18:06:58', 0),
(02204060012, 12, 100, '2022-01-01', '16.7', 49, '2023-02-03 18:05:58', '2023-02-03 18:06:58', 0),
(02204060013, 13, 100, '2022-01-01', '16.7', 49, '2023-02-03 18:05:58', '2023-02-03 18:06:58', 0),
(02204070002, 2, 100, '2022-01-01', '16.3', 41, '2023-02-03 18:05:58', '2023-02-03 18:06:58', 0),
(02204070003, 3, 100, '2022-01-01', '16.3', 41, '2023-02-03 18:05:58', '2023-02-03 18:06:58', 0),
(02204070004, 4, 100, '2022-01-01', '16.3', 41, '2023-02-03 18:05:58', '2023-02-03 18:06:58', 0),
(02204070005, 5, 100, '2022-01-01', '16.3', 41, '2023-02-03 18:05:58', '2023-02-03 18:06:58', 0),
(02204070006, 6, 100, '2022-01-01', '16.3', 41, '2023-02-03 18:05:58', '2023-02-03 18:06:58', 0),
(02204070007, 7, 100, '2022-01-01', '16.3', 41, '2023-02-03 18:05:58', '2023-02-03 18:06:58', 0),
(02204070008, 8, 100, '2022-01-01', '16.3', 41, '2023-02-03 18:05:58', '2023-02-03 18:06:58', 0),
(02204070009, 9, 100, '2022-01-01', '16.3', 41, '2023-02-03 18:05:58', '2023-02-03 18:06:58', 0),
(02204070010, 10, 100, '2022-01-01', '16.3', 41, '2023-02-03 18:05:58', '2023-02-03 18:06:58', 0),
(02204070011, 11, 100, '2022-01-01', '16.3', 41, '2023-02-03 18:05:58', '2023-02-03 18:06:58', 0),
(02204070012, 12, 100, '2022-01-01', '16.3', 41, '2023-02-03 18:05:58', '2023-02-03 18:06:58', 0),
(02204070013, 13, 100, '2022-01-01', '16.3', 41, '2023-02-03 18:05:58', '2023-02-03 18:06:58', 0),
(02204080002, 2, 100, '2022-01-01', '17.1', 50, '2023-02-03 18:05:58', '2023-02-03 18:06:58', 0),
(02204080003, 3, 100, '2022-01-01', '17.1', 50, '2023-02-03 18:05:58', '2023-02-03 18:06:58', 0),
(02204080004, 4, 100, '2022-01-01', '17.1', 50, '2023-02-03 18:05:58', '2023-02-03 18:06:58', 0),
(02204080005, 5, 100, '2022-01-01', '17.1', 50, '2023-02-03 18:05:58', '2023-02-03 18:06:58', 0),
(02204080006, 6, 100, '2022-01-01', '17.1', 50, '2023-02-03 18:05:58', '2023-02-03 18:06:58', 0),
(02204080007, 7, 100, '2022-01-01', '17.1', 50, '2023-02-03 18:05:58', '2023-02-03 18:06:58', 0),
(02204080008, 8, 100, '2022-01-01', '17.1', 50, '2023-02-03 18:05:58', '2023-02-03 18:06:58', 0),
(02204080009, 9, 100, '2022-01-01', '17.1', 50, '2023-02-03 18:05:58', '2023-02-03 18:06:58', 0),
(02204080010, 10, 100, '2022-01-01', '17.1', 50, '2023-02-03 18:05:58', '2023-02-03 18:06:58', 0),
(02204080011, 11, 100, '2022-01-01', '17.1', 50, '2023-02-03 18:05:58', '2023-02-03 18:06:58', 0),
(02204080012, 12, 100, '2022-01-01', '17.1', 50, '2023-02-03 18:05:58', '2023-02-03 18:06:58', 0),
(02204080013, 13, 100, '2022-01-01', '17.1', 50, '2023-02-03 18:05:58', '2023-02-03 18:06:58', 0),
(02204090002, 2, 100, '2022-01-01', '19.6', 47, '2023-02-03 18:05:58', '2023-02-03 18:06:58', 0),
(02204090003, 3, 100, '2022-01-01', '19.6', 47, '2023-02-03 18:05:58', '2023-02-03 18:06:58', 0),
(02204090004, 4, 100, '2022-01-01', '19.6', 47, '2023-02-03 18:05:58', '2023-02-03 18:06:58', 0),
(02204090005, 5, 100, '2022-01-01', '19.6', 47, '2023-02-03 18:05:58', '2023-02-03 18:06:58', 0),
(02204090006, 6, 100, '2022-01-01', '19.6', 47, '2023-02-03 18:05:58', '2023-02-03 18:06:58', 0),
(02204090007, 7, 100, '2022-01-01', '19.6', 47, '2023-02-03 18:05:58', '2023-02-03 18:06:58', 0),
(02204090008, 8, 100, '2022-01-01', '19.6', 47, '2023-02-03 18:05:58', '2023-02-03 18:06:58', 0),
(02204090009, 9, 100, '2022-01-01', '19.6', 47, '2023-02-03 18:05:58', '2023-02-03 18:06:58', 0),
(02204090010, 10, 100, '2022-01-01', '19.6', 47, '2023-02-03 18:05:58', '2023-02-03 18:06:58', 0),
(02204090011, 11, 100, '2022-01-01', '19.6', 47, '2023-02-03 18:05:58', '2023-02-03 18:06:58', 0),
(02204090012, 12, 100, '2022-01-01', '19.6', 47, '2023-02-03 18:05:58', '2023-02-03 18:06:58', 0),
(02204090013, 13, 100, '2022-01-01', '19.6', 47, '2023-02-03 18:05:58', '2023-02-03 18:06:58', 0),
(02204100002, 2, 100, '2022-01-01', '19.5', 61, '2023-02-03 18:05:58', '2023-02-03 18:06:58', 0),
(02204100003, 3, 100, '2022-01-01', '19.5', 61, '2023-02-03 18:05:58', '2023-02-03 18:06:58', 0),
(02204100004, 4, 100, '2022-01-01', '19.5', 61, '2023-02-03 18:05:58', '2023-02-03 18:06:58', 0),
(02204100005, 5, 100, '2022-01-01', '19.5', 61, '2023-02-03 18:05:58', '2023-02-03 18:06:58', 0),
(02204100006, 6, 100, '2022-01-01', '19.5', 61, '2023-02-03 18:05:58', '2023-02-03 18:06:58', 0),
(02204100007, 7, 100, '2022-01-01', '19.5', 61, '2023-02-03 18:05:58', '2023-02-03 18:06:58', 0),
(02204100008, 8, 100, '2022-01-01', '19.5', 61, '2023-02-03 18:05:58', '2023-02-03 18:06:58', 0),
(02204100009, 9, 100, '2022-01-01', '19.5', 61, '2023-02-03 18:05:58', '2023-02-03 18:06:58', 0),
(02204100010, 10, 100, '2022-01-01', '19.5', 61, '2023-02-03 18:05:58', '2023-02-03 18:06:58', 0),
(02204100011, 11, 100, '2022-01-01', '19.5', 61, '2023-02-03 18:05:58', '2023-02-03 18:06:58', 0),
(02204100012, 12, 100, '2022-01-01', '19.5', 61, '2023-02-03 18:05:58', '2023-02-03 18:06:58', 0),
(02204100013, 13, 100, '2022-01-01', '19.5', 61, '2023-02-03 18:05:58', '2023-02-03 18:06:58', 0),
(02204110002, 2, 100, '2022-01-01', '20.4', 66, '2023-02-03 18:05:58', '2023-02-03 18:06:58', 0),
(02204110003, 3, 100, '2022-01-01', '20.4', 66, '2023-02-03 18:05:58', '2023-02-03 18:06:58', 0),
(02204110004, 4, 100, '2022-01-01', '20.4', 66, '2023-02-03 18:05:58', '2023-02-03 18:06:58', 0),
(02204110005, 5, 100, '2022-01-01', '20.4', 66, '2023-02-03 18:05:58', '2023-02-03 18:06:58', 0),
(02204110006, 6, 100, '2022-01-01', '20.4', 66, '2023-02-03 18:05:58', '2023-02-03 18:06:58', 0),
(02204110007, 7, 100, '2022-01-01', '20.4', 66, '2023-02-03 18:05:58', '2023-02-03 18:06:58', 0),
(02204110008, 8, 100, '2022-01-01', '20.4', 66, '2023-02-03 18:05:58', '2023-02-03 18:06:58', 0),
(02204110009, 9, 100, '2022-01-01', '20.4', 66, '2023-02-03 18:05:58', '2023-02-03 18:06:58', 0),
(02204110010, 10, 100, '2022-01-01', '20.4', 66, '2023-02-03 18:05:58', '2023-02-03 18:06:58', 0),
(02204110011, 11, 100, '2022-01-01', '20.4', 66, '2023-02-03 18:05:58', '2023-02-03 18:06:58', 0),
(02204110012, 12, 100, '2022-01-01', '20.4', 66, '2023-02-03 18:05:58', '2023-02-03 18:06:58', 0),
(02204110013, 13, 100, '2022-01-01', '20.4', 66, '2023-02-03 18:05:58', '2023-02-03 18:06:58', 0),
(02204120002, 2, 100, '2022-01-01', '22.4', 66, '2023-02-03 18:05:58', '2023-02-03 18:06:58', 0),
(02204120003, 3, 100, '2022-01-01', '22.4', 66, '2023-02-03 18:05:58', '2023-02-03 18:06:58', 0),
(02204120004, 4, 100, '2022-01-01', '22.4', 66, '2023-02-03 18:05:58', '2023-02-03 18:06:58', 0),
(02204120005, 5, 100, '2022-01-01', '22.4', 66, '2023-02-03 18:05:58', '2023-02-03 18:06:58', 0),
(02204120006, 6, 100, '2022-01-01', '22.4', 66, '2023-02-03 18:05:58', '2023-02-03 18:06:58', 0),
(02204120007, 7, 100, '2022-01-01', '22.4', 66, '2023-02-03 18:05:58', '2023-02-03 18:06:58', 0),
(02204120008, 8, 100, '2022-01-01', '22.4', 66, '2023-02-03 18:05:58', '2023-02-03 18:06:58', 0),
(02204120009, 9, 100, '2022-01-01', '22.4', 66, '2023-02-03 18:05:58', '2023-02-03 18:06:58', 0),
(02204120010, 10, 100, '2022-01-01', '22.4', 66, '2023-02-03 18:05:58', '2023-02-03 18:06:58', 0),
(02204120011, 11, 100, '2022-01-01', '22.4', 66, '2023-02-03 18:05:58', '2023-02-03 18:06:58', 0),
(02204120012, 12, 100, '2022-01-01', '22.4', 66, '2023-02-03 18:05:58', '2023-02-03 18:06:58', 0),
(02204120013, 13, 100, '2022-01-01', '22.4', 66, '2023-02-03 18:05:58', '2023-02-03 18:06:58', 0),
(02204130002, 2, 100, '2022-01-01', '19.8', 82, '2023-02-03 18:05:58', '2023-02-03 18:06:58', 0),
(02204130003, 3, 100, '2022-01-01', '19.8', 82, '2023-02-03 18:05:58', '2023-02-03 18:06:58', 0),
(02204130004, 4, 100, '2022-01-01', '19.8', 82, '2023-02-03 18:05:58', '2023-02-03 18:06:58', 0),
(02204130005, 5, 100, '2022-01-01', '19.8', 82, '2023-02-03 18:05:58', '2023-02-03 18:06:58', 0),
(02204130006, 6, 100, '2022-01-01', '19.8', 82, '2023-02-03 18:05:58', '2023-02-03 18:06:58', 0),
(02204130007, 7, 100, '2022-01-01', '19.8', 82, '2023-02-03 18:05:58', '2023-02-03 18:06:58', 0),
(02204130008, 8, 100, '2022-01-01', '19.8', 82, '2023-02-03 18:05:58', '2023-02-03 18:06:58', 0),
(02204130009, 9, 100, '2022-01-01', '19.8', 82, '2023-02-03 18:05:58', '2023-02-03 18:06:58', 0),
(02204130010, 10, 100, '2022-01-01', '19.8', 82, '2023-02-03 18:05:58', '2023-02-03 18:06:58', 0),
(02204130011, 11, 100, '2022-01-01', '19.8', 82, '2023-02-03 18:05:58', '2023-02-03 18:06:58', 0),
(02204130012, 12, 100, '2022-01-01', '19.8', 82, '2023-02-03 18:05:58', '2023-02-03 18:06:58', 0),
(02204130013, 13, 100, '2022-01-01', '19.8', 82, '2023-02-03 18:05:58', '2023-02-03 18:06:58', 0),
(02204140002, 2, 100, '2022-01-01', '16.9', 86, '2023-02-03 18:05:58', '2023-02-03 18:06:58', 0),
(02204140003, 3, 100, '2022-01-01', '16.9', 86, '2023-02-03 18:05:58', '2023-02-03 18:06:58', 0),
(02204140004, 4, 100, '2022-01-01', '16.9', 86, '2023-02-03 18:05:58', '2023-02-03 18:06:58', 0),
(02204140005, 5, 100, '2022-01-01', '16.9', 86, '2023-02-03 18:05:58', '2023-02-03 18:06:58', 0),
(02204140006, 6, 100, '2022-01-01', '16.9', 86, '2023-02-03 18:05:58', '2023-02-03 18:06:58', 0),
(02204140007, 7, 100, '2022-01-01', '16.9', 86, '2023-02-03 18:05:58', '2023-02-03 18:06:58', 0),
(02204140008, 8, 100, '2022-01-01', '16.9', 86, '2023-02-03 18:05:58', '2023-02-03 18:06:58', 0),
(02204140009, 9, 100, '2022-01-01', '16.9', 86, '2023-02-03 18:05:58', '2023-02-03 18:06:58', 0),
(02204140010, 10, 100, '2022-01-01', '16.9', 86, '2023-02-03 18:05:58', '2023-02-03 18:06:58', 0),
(02204140011, 11, 100, '2022-01-01', '16.9', 86, '2023-02-03 18:05:58', '2023-02-03 18:06:58', 0),
(02204140012, 12, 100, '2022-01-01', '16.9', 86, '2023-02-03 18:05:58', '2023-02-03 18:06:58', 0),
(02204140013, 13, 100, '2022-01-01', '16.9', 86, '2023-02-03 18:05:58', '2023-02-03 18:06:58', 0),
(02204150002, 2, 100, '2022-01-01', '15.2', 52, '2023-02-03 18:05:58', '2023-02-03 18:06:58', 0),
(02204150003, 3, 100, '2022-01-01', '15.2', 52, '2023-02-03 18:05:58', '2023-02-03 18:06:58', 0),
(02204150004, 4, 100, '2022-01-01', '15.2', 52, '2023-02-03 18:05:58', '2023-02-03 18:06:58', 0),
(02204150005, 5, 100, '2022-01-01', '15.2', 52, '2023-02-03 18:05:58', '2023-02-03 18:06:58', 0),
(02204150006, 6, 100, '2022-01-01', '15.2', 52, '2023-02-03 18:05:58', '2023-02-03 18:06:58', 0),
(02204150007, 7, 100, '2022-01-01', '15.2', 52, '2023-02-03 18:05:58', '2023-02-03 18:06:58', 0),
(02204150008, 8, 100, '2022-01-01', '15.2', 52, '2023-02-03 18:05:58', '2023-02-03 18:06:58', 0),
(02204150009, 9, 100, '2022-01-01', '15.2', 52, '2023-02-03 18:05:58', '2023-02-03 18:06:58', 0),
(02204150010, 10, 100, '2022-01-01', '15.2', 52, '2023-02-03 18:05:58', '2023-02-03 18:06:58', 0),
(02204150011, 11, 100, '2022-01-01', '15.2', 52, '2023-02-03 18:05:58', '2023-02-03 18:06:58', 0),
(02204150012, 12, 100, '2022-01-01', '15.2', 52, '2023-02-03 18:05:58', '2023-02-03 18:06:58', 0),
(02204150013, 13, 100, '2022-01-01', '15.2', 52, '2023-02-03 18:05:58', '2023-02-03 18:06:58', 0),
(02204160002, 2, 100, '2022-01-01', '12.5', 76, '2023-02-03 18:05:58', '2023-02-03 18:06:58', 0),
(02204160003, 3, 100, '2022-01-01', '12.5', 76, '2023-02-03 18:05:58', '2023-02-03 18:06:58', 0),
(02204160004, 4, 100, '2022-01-01', '12.5', 76, '2023-02-03 18:05:58', '2023-02-03 18:06:58', 0),
(02204160005, 5, 100, '2022-01-01', '12.5', 76, '2023-02-03 18:05:58', '2023-02-03 18:06:58', 0),
(02204160006, 6, 100, '2022-01-01', '12.5', 76, '2023-02-03 18:05:58', '2023-02-03 18:06:58', 0),
(02204160007, 7, 100, '2022-01-01', '12.5', 76, '2023-02-03 18:05:58', '2023-02-03 18:06:58', 0),
(02204160008, 8, 100, '2022-01-01', '12.5', 76, '2023-02-03 18:05:58', '2023-02-03 18:06:58', 0),
(02204160009, 9, 100, '2022-01-01', '12.5', 76, '2023-02-03 18:05:58', '2023-02-03 18:06:58', 0),
(02204160010, 10, 100, '2022-01-01', '12.5', 76, '2023-02-03 18:05:58', '2023-02-03 18:06:58', 0),
(02204160011, 11, 100, '2022-01-01', '12.5', 76, '2023-02-03 18:05:58', '2023-02-03 18:06:58', 0),
(02204160012, 12, 100, '2022-01-01', '12.5', 76, '2023-02-03 18:05:58', '2023-02-03 18:06:58', 0),
(02204160013, 13, 100, '2022-01-01', '12.5', 76, '2023-02-03 18:05:58', '2023-02-03 18:06:58', 0),
(02204170002, 2, 100, '2022-01-01', '13.6', 97, '2023-02-03 18:05:58', '2023-02-03 18:06:58', 0),
(02204170003, 3, 100, '2022-01-01', '13.6', 97, '2023-02-03 18:05:58', '2023-02-03 18:06:58', 0),
(02204170004, 4, 100, '2022-01-01', '13.6', 97, '2023-02-03 18:05:58', '2023-02-03 18:06:58', 0),
(02204170005, 5, 100, '2022-01-01', '13.6', 97, '2023-02-03 18:05:58', '2023-02-03 18:06:58', 0),
(02204170006, 6, 100, '2022-01-01', '13.6', 97, '2023-02-03 18:05:58', '2023-02-03 18:06:58', 0),
(02204170007, 7, 100, '2022-01-01', '13.6', 97, '2023-02-03 18:05:58', '2023-02-03 18:06:58', 0),
(02204170008, 8, 100, '2022-01-01', '13.6', 97, '2023-02-03 18:05:58', '2023-02-03 18:06:58', 0),
(02204170009, 9, 100, '2022-01-01', '13.6', 97, '2023-02-03 18:05:58', '2023-02-03 18:06:58', 0),
(02204170010, 10, 100, '2022-01-01', '13.6', 97, '2023-02-03 18:05:58', '2023-02-03 18:06:58', 0),
(02204170011, 11, 100, '2022-01-01', '13.6', 97, '2023-02-03 18:05:58', '2023-02-03 18:06:58', 0),
(02204170012, 12, 100, '2022-01-01', '13.6', 97, '2023-02-03 18:05:58', '2023-02-03 18:06:58', 0),
(02204170013, 13, 100, '2022-01-01', '13.6', 97, '2023-02-03 18:05:58', '2023-02-03 18:06:58', 0),
(02204180002, 2, 100, '2022-01-01', '16.1', 53, '2023-02-03 18:05:58', '2023-02-03 18:06:58', 0),
(02204180003, 3, 100, '2022-01-01', '16.1', 53, '2023-02-03 18:05:58', '2023-02-03 18:06:58', 0),
(02204180004, 4, 100, '2022-01-01', '16.1', 53, '2023-02-03 18:05:58', '2023-02-03 18:06:58', 0),
(02204180005, 5, 100, '2022-01-01', '16.1', 53, '2023-02-03 18:05:58', '2023-02-03 18:06:58', 0),
(02204180006, 6, 100, '2022-01-01', '16.1', 53, '2023-02-03 18:05:58', '2023-02-03 18:06:58', 0),
(02204180007, 7, 100, '2022-01-01', '16.1', 53, '2023-02-03 18:05:58', '2023-02-03 18:06:58', 0),
(02204180008, 8, 100, '2022-01-01', '16.1', 53, '2023-02-03 18:05:58', '2023-02-03 18:06:58', 0),
(02204180009, 9, 100, '2022-01-01', '16.1', 53, '2023-02-03 18:05:58', '2023-02-03 18:06:58', 0),
(02204180010, 10, 100, '2022-01-01', '16.1', 53, '2023-02-03 18:05:58', '2023-02-03 18:06:58', 0),
(02204180011, 11, 100, '2022-01-01', '16.1', 53, '2023-02-03 18:05:58', '2023-02-03 18:06:58', 0),
(02204180012, 12, 100, '2022-01-01', '16.1', 53, '2023-02-03 18:05:58', '2023-02-03 18:06:58', 0),
(02204180013, 13, 100, '2022-01-01', '16.1', 53, '2023-02-03 18:05:58', '2023-02-03 18:06:58', 0),
(02204190002, 2, 100, '2022-01-01', '16.8', 76, '2023-02-03 18:05:58', '2023-02-03 18:06:58', 0),
(02204190003, 3, 100, '2022-01-01', '16.8', 76, '2023-02-03 18:05:58', '2023-02-03 18:06:58', 0),
(02204190004, 4, 100, '2022-01-01', '16.8', 76, '2023-02-03 18:05:58', '2023-02-03 18:06:58', 0),
(02204190005, 5, 100, '2022-01-01', '16.8', 76, '2023-02-03 18:05:58', '2023-02-03 18:06:58', 0),
(02204190006, 6, 100, '2022-01-01', '16.8', 76, '2023-02-03 18:05:58', '2023-02-03 18:06:58', 0),
(02204190007, 7, 100, '2022-01-01', '16.8', 76, '2023-02-03 18:05:58', '2023-02-03 18:06:58', 0),
(02204190008, 8, 100, '2022-01-01', '16.8', 76, '2023-02-03 18:05:58', '2023-02-03 18:06:58', 0),
(02204190009, 9, 100, '2022-01-01', '16.8', 76, '2023-02-03 18:05:58', '2023-02-03 18:06:58', 0),
(02204190010, 10, 100, '2022-01-01', '16.8', 76, '2023-02-03 18:05:58', '2023-02-03 18:06:58', 0),
(02204190011, 11, 100, '2022-01-01', '16.8', 76, '2023-02-03 18:05:58', '2023-02-03 18:06:58', 0),
(02204190012, 12, 100, '2022-01-01', '16.8', 76, '2023-02-03 18:05:58', '2023-02-03 18:06:58', 0),
(02204190013, 13, 100, '2022-01-01', '16.8', 76, '2023-02-03 18:05:58', '2023-02-03 18:06:58', 0),
(02204200002, 2, 100, '2022-01-01', '16.3', 97, '2023-02-03 18:05:58', '2023-02-03 18:06:58', 0),
(02204200003, 3, 100, '2022-01-01', '16.3', 97, '2023-02-03 18:05:58', '2023-02-03 18:06:58', 0),
(02204200004, 4, 100, '2022-01-01', '16.3', 97, '2023-02-03 18:05:58', '2023-02-03 18:06:58', 0),
(02204200005, 5, 100, '2022-01-01', '16.3', 97, '2023-02-03 18:05:58', '2023-02-03 18:06:58', 0),
(02204200006, 6, 100, '2022-01-01', '16.3', 97, '2023-02-03 18:05:58', '2023-02-03 18:06:58', 0),
(02204200007, 7, 100, '2022-01-01', '16.3', 97, '2023-02-03 18:05:58', '2023-02-03 18:06:58', 0),
(02204200008, 8, 100, '2022-01-01', '16.3', 97, '2023-02-03 18:05:58', '2023-02-03 18:06:58', 0),
(02204200009, 9, 100, '2022-01-01', '16.3', 97, '2023-02-03 18:05:58', '2023-02-03 18:06:58', 0),
(02204200010, 10, 100, '2022-01-01', '16.3', 97, '2023-02-03 18:05:58', '2023-02-03 18:06:58', 0),
(02204200011, 11, 100, '2022-01-01', '16.3', 97, '2023-02-03 18:05:58', '2023-02-03 18:06:58', 0),
(02204200012, 12, 100, '2022-01-01', '16.3', 97, '2023-02-03 18:05:58', '2023-02-03 18:06:58', 0),
(02204200013, 13, 100, '2022-01-01', '16.3', 97, '2023-02-03 18:05:58', '2023-02-03 18:06:58', 0),
(02204210002, 2, 100, '2022-01-01', '19.7', 53, '2023-02-03 18:05:58', '2023-02-03 18:06:58', 0),
(02204210003, 3, 100, '2022-01-01', '19.7', 53, '2023-02-03 18:05:58', '2023-02-03 18:06:58', 0),
(02204210004, 4, 100, '2022-01-01', '19.7', 53, '2023-02-03 18:05:58', '2023-02-03 18:06:58', 0),
(02204210005, 5, 100, '2022-01-01', '19.7', 53, '2023-02-03 18:05:58', '2023-02-03 18:06:58', 0),
(02204210006, 6, 100, '2022-01-01', '19.7', 53, '2023-02-03 18:05:58', '2023-02-03 18:06:58', 0),
(02204210007, 7, 100, '2022-01-01', '19.7', 53, '2023-02-03 18:05:58', '2023-02-03 18:06:58', 0),
(02204210008, 8, 100, '2022-01-01', '19.7', 53, '2023-02-03 18:05:58', '2023-02-03 18:06:58', 0),
(02204210009, 9, 100, '2022-01-01', '19.7', 53, '2023-02-03 18:05:58', '2023-02-03 18:06:58', 0),
(02204210010, 10, 100, '2022-01-01', '19.7', 53, '2023-02-03 18:05:58', '2023-02-03 18:06:58', 0),
(02204210011, 11, 100, '2022-01-01', '19.7', 53, '2023-02-03 18:05:58', '2023-02-03 18:06:58', 0),
(02204210012, 12, 100, '2022-01-01', '19.7', 53, '2023-02-03 18:05:58', '2023-02-03 18:06:58', 0),
(02204210013, 13, 100, '2022-01-01', '19.7', 53, '2023-02-03 18:05:58', '2023-02-03 18:06:58', 0),
(02204220002, 2, 100, '2022-01-01', '19.5', 61, '2023-02-03 18:05:58', '2023-02-03 18:06:58', 0),
(02204220003, 3, 100, '2022-01-01', '19.5', 61, '2023-02-03 18:05:58', '2023-02-03 18:06:58', 0),
(02204220004, 4, 100, '2022-01-01', '19.5', 61, '2023-02-03 18:05:58', '2023-02-03 18:06:58', 0),
(02204220005, 5, 100, '2022-01-01', '19.5', 61, '2023-02-03 18:05:58', '2023-02-03 18:06:58', 0),
(02204220006, 6, 100, '2022-01-01', '19.5', 61, '2023-02-03 18:05:58', '2023-02-03 18:06:58', 0),
(02204220007, 7, 100, '2022-01-01', '19.5', 61, '2023-02-03 18:05:58', '2023-02-03 18:06:58', 0),
(02204220008, 8, 100, '2022-01-01', '19.5', 61, '2023-02-03 18:05:58', '2023-02-03 18:06:58', 0),
(02204220009, 9, 100, '2022-01-01', '19.5', 61, '2023-02-03 18:05:58', '2023-02-03 18:06:58', 0),
(02204220010, 10, 100, '2022-01-01', '19.5', 61, '2023-02-03 18:05:58', '2023-02-03 18:06:58', 0),
(02204220011, 11, 100, '2022-01-01', '19.5', 61, '2023-02-03 18:05:58', '2023-02-03 18:06:58', 0),
(02204220012, 12, 100, '2022-01-01', '19.5', 61, '2023-02-03 18:05:58', '2023-02-03 18:06:58', 0),
(02204220013, 13, 100, '2022-01-01', '19.5', 61, '2023-02-03 18:05:58', '2023-02-03 18:06:58', 0),
(02204230002, 2, 100, '2022-01-01', '17.2', 80, '2023-02-03 18:05:58', '2023-02-03 18:06:58', 0),
(02204230003, 3, 100, '2022-01-01', '17.2', 80, '2023-02-03 18:05:58', '2023-02-03 18:06:58', 0),
(02204230004, 4, 100, '2022-01-01', '17.2', 80, '2023-02-03 18:05:58', '2023-02-03 18:06:58', 0),
(02204230005, 5, 100, '2022-01-01', '17.2', 80, '2023-02-03 18:05:58', '2023-02-03 18:06:58', 0),
(02204230006, 6, 100, '2022-01-01', '17.2', 80, '2023-02-03 18:05:58', '2023-02-03 18:06:58', 0),
(02204230007, 7, 100, '2022-01-01', '17.2', 80, '2023-02-03 18:05:58', '2023-02-03 18:06:58', 0),
(02204230008, 8, 100, '2022-01-01', '17.2', 80, '2023-02-03 18:05:58', '2023-02-03 18:06:58', 0),
(02204230009, 9, 100, '2022-01-01', '17.2', 80, '2023-02-03 18:05:58', '2023-02-03 18:06:58', 0),
(02204230010, 10, 100, '2022-01-01', '17.2', 80, '2023-02-03 18:05:58', '2023-02-03 18:06:58', 0),
(02204230011, 11, 100, '2022-01-01', '17.2', 80, '2023-02-03 18:05:58', '2023-02-03 18:06:58', 0),
(02204230012, 12, 100, '2022-01-01', '17.2', 80, '2023-02-03 18:05:58', '2023-02-03 18:06:58', 0),
(02204230013, 13, 100, '2022-01-01', '17.2', 80, '2023-02-03 18:05:58', '2023-02-03 18:06:58', 0),
(02204240002, 2, 100, '2022-01-01', '20.9', 70, '2023-02-03 18:05:58', '2023-02-03 18:06:58', 0),
(02204240003, 3, 100, '2022-01-01', '20.9', 70, '2023-02-03 18:05:58', '2023-02-03 18:06:58', 0),
(02204240004, 4, 100, '2022-01-01', '20.9', 70, '2023-02-03 18:05:58', '2023-02-03 18:06:58', 0),
(02204240005, 5, 100, '2022-01-01', '20.9', 70, '2023-02-03 18:05:58', '2023-02-03 18:06:58', 0),
(02204240006, 6, 100, '2022-01-01', '20.9', 70, '2023-02-03 18:05:58', '2023-02-03 18:06:58', 0),
(02204240007, 7, 100, '2022-01-01', '20.9', 70, '2023-02-03 18:05:58', '2023-02-03 18:06:58', 0),
(02204240008, 8, 100, '2022-01-01', '20.9', 70, '2023-02-03 18:05:58', '2023-02-03 18:06:58', 0),
(02204240009, 9, 100, '2022-01-01', '20.9', 70, '2023-02-03 18:05:58', '2023-02-03 18:06:58', 0),
(02204240010, 10, 100, '2022-01-01', '20.9', 70, '2023-02-03 18:05:58', '2023-02-03 18:06:58', 0),
(02204240011, 11, 100, '2022-01-01', '20.9', 70, '2023-02-03 18:05:58', '2023-02-03 18:06:58', 0),
(02204240012, 12, 100, '2022-01-01', '20.9', 70, '2023-02-03 18:05:58', '2023-02-03 18:06:58', 0),
(02204240013, 13, 100, '2022-01-01', '20.9', 70, '2023-02-03 18:05:58', '2023-02-03 18:06:58', 0),
(02204250002, 2, 100, '2022-01-01', '21.3', 66, '2023-02-03 18:05:58', '2023-02-03 18:06:58', 0),
(02204250003, 3, 100, '2022-01-01', '21.3', 66, '2023-02-03 18:05:58', '2023-02-03 18:06:58', 0),
(02204250004, 4, 100, '2022-01-01', '21.3', 66, '2023-02-03 18:05:58', '2023-02-03 18:06:58', 0),
(02204250005, 5, 100, '2022-01-01', '21.3', 66, '2023-02-03 18:05:58', '2023-02-03 18:06:58', 0),
(02204250006, 6, 100, '2022-01-01', '21.3', 66, '2023-02-03 18:05:58', '2023-02-03 18:06:58', 0),
(02204250007, 7, 100, '2022-01-01', '21.3', 66, '2023-02-03 18:05:58', '2023-02-03 18:06:58', 0),
(02204250008, 8, 100, '2022-01-01', '21.3', 66, '2023-02-03 18:05:58', '2023-02-03 18:06:58', 0),
(02204250009, 9, 100, '2022-01-01', '21.3', 66, '2023-02-03 18:05:58', '2023-02-03 18:06:58', 0),
(02204250010, 10, 100, '2022-01-01', '21.3', 66, '2023-02-03 18:05:58', '2023-02-03 18:06:58', 0),
(02204250011, 11, 100, '2022-01-01', '21.3', 66, '2023-02-03 18:05:58', '2023-02-03 18:06:58', 0),
(02204250012, 12, 100, '2022-01-01', '21.3', 66, '2023-02-03 18:05:58', '2023-02-03 18:06:58', 0),
(02204250013, 13, 100, '2022-01-01', '21.3', 66, '2023-02-03 18:05:58', '2023-02-03 18:06:58', 0),
(02204260002, 2, 100, '2022-01-01', '20.8', 88, '2023-02-03 18:05:58', '2023-02-03 18:06:58', 0),
(02204260003, 3, 100, '2022-01-01', '20.8', 88, '2023-02-03 18:05:58', '2023-02-03 18:06:58', 0),
(02204260004, 4, 100, '2022-01-01', '20.8', 88, '2023-02-03 18:05:58', '2023-02-03 18:06:58', 0),
(02204260005, 5, 100, '2022-01-01', '20.8', 88, '2023-02-03 18:05:58', '2023-02-03 18:06:58', 0),
(02204260006, 6, 100, '2022-01-01', '20.8', 88, '2023-02-03 18:05:58', '2023-02-03 18:06:58', 0),
(02204260007, 7, 100, '2022-01-01', '20.8', 88, '2023-02-03 18:05:58', '2023-02-03 18:06:58', 0),
(02204260008, 8, 100, '2022-01-01', '20.8', 88, '2023-02-03 18:05:58', '2023-02-03 18:06:58', 0),
(02204260009, 9, 100, '2022-01-01', '20.8', 88, '2023-02-03 18:05:58', '2023-02-03 18:06:58', 0),
(02204260010, 10, 100, '2022-01-01', '20.8', 88, '2023-02-03 18:05:58', '2023-02-03 18:06:58', 0),
(02204260011, 11, 100, '2022-01-01', '20.8', 88, '2023-02-03 18:05:58', '2023-02-03 18:06:58', 0),
(02204260012, 12, 100, '2022-01-01', '20.8', 88, '2023-02-03 18:05:58', '2023-02-03 18:06:58', 0),
(02204260013, 13, 100, '2022-01-01', '20.8', 88, '2023-02-03 18:05:58', '2023-02-03 18:06:58', 0),
(02204270002, 2, 100, '2022-01-01', '18.2', 76, '2023-02-03 18:05:58', '2023-02-03 18:06:58', 0),
(02204270003, 3, 100, '2022-01-01', '18.2', 76, '2023-02-03 18:05:58', '2023-02-03 18:06:58', 0),
(02204270004, 4, 100, '2022-01-01', '18.2', 76, '2023-02-03 18:05:58', '2023-02-03 18:06:58', 0),
(02204270005, 5, 100, '2022-01-01', '18.2', 76, '2023-02-03 18:05:58', '2023-02-03 18:06:58', 0),
(02204270006, 6, 100, '2022-01-01', '18.2', 76, '2023-02-03 18:05:58', '2023-02-03 18:06:58', 0),
(02204270007, 7, 100, '2022-01-01', '18.2', 76, '2023-02-03 18:05:58', '2023-02-03 18:06:58', 0),
(02204270008, 8, 100, '2022-01-01', '18.2', 76, '2023-02-03 18:05:58', '2023-02-03 18:06:58', 0),
(02204270009, 9, 100, '2022-01-01', '18.2', 76, '2023-02-03 18:05:58', '2023-02-03 18:06:58', 0),
(02204270010, 10, 100, '2022-01-01', '18.2', 76, '2023-02-03 18:05:58', '2023-02-03 18:06:58', 0),
(02204270011, 11, 100, '2022-01-01', '18.2', 76, '2023-02-03 18:05:58', '2023-02-03 18:06:58', 0),
(02204270012, 12, 100, '2022-01-01', '18.2', 76, '2023-02-03 18:05:58', '2023-02-03 18:06:58', 0),
(02204270013, 13, 100, '2022-01-01', '18.2', 76, '2023-02-03 18:05:58', '2023-02-03 18:06:58', 0),
(02204280002, 2, 100, '2022-01-01', '15.9', 86, '2023-02-03 18:05:58', '2023-02-03 18:06:58', 0),
(02204280003, 3, 100, '2022-01-01', '15.9', 86, '2023-02-03 18:05:58', '2023-02-03 18:06:58', 0),
(02204280004, 4, 100, '2022-01-01', '15.9', 86, '2023-02-03 18:05:58', '2023-02-03 18:06:58', 0),
(02204280005, 5, 100, '2022-01-01', '15.9', 86, '2023-02-03 18:05:58', '2023-02-03 18:06:58', 0),
(02204280006, 6, 100, '2022-01-01', '15.9', 86, '2023-02-03 18:05:58', '2023-02-03 18:06:58', 0),
(02204280007, 7, 100, '2022-01-01', '15.9', 86, '2023-02-03 18:05:58', '2023-02-03 18:06:58', 0),
(02204280008, 8, 100, '2022-01-01', '15.9', 86, '2023-02-03 18:05:58', '2023-02-03 18:06:58', 0),
(02204280009, 9, 100, '2022-01-01', '15.9', 86, '2023-02-03 18:05:58', '2023-02-03 18:06:58', 0),
(02204280010, 10, 100, '2022-01-01', '15.9', 86, '2023-02-03 18:05:58', '2023-02-03 18:06:58', 0),
(02204280011, 11, 100, '2022-01-01', '15.9', 86, '2023-02-03 18:05:58', '2023-02-03 18:06:58', 0),
(02204280012, 12, 100, '2022-01-01', '15.9', 86, '2023-02-03 18:05:58', '2023-02-03 18:06:58', 0),
(02204280013, 13, 100, '2022-01-01', '15.9', 86, '2023-02-03 18:05:58', '2023-02-03 18:06:58', 0),
(02204290002, 2, 100, '2022-01-01', '15.2', 78, '2023-02-03 18:05:58', '2023-02-03 18:06:58', 0),
(02204290003, 3, 100, '2022-01-01', '15.2', 78, '2023-02-03 18:05:58', '2023-02-03 18:06:58', 0),
(02204290004, 4, 100, '2022-01-01', '15.2', 78, '2023-02-03 18:05:58', '2023-02-03 18:06:58', 0),
(02204290005, 5, 100, '2022-01-01', '15.2', 78, '2023-02-03 18:05:58', '2023-02-03 18:06:58', 0),
(02204290006, 6, 100, '2022-01-01', '15.2', 78, '2023-02-03 18:05:58', '2023-02-03 18:06:58', 0),
(02204290007, 7, 100, '2022-01-01', '15.2', 78, '2023-02-03 18:05:58', '2023-02-03 18:06:58', 0),
(02204290008, 8, 100, '2022-01-01', '15.2', 78, '2023-02-03 18:05:58', '2023-02-03 18:06:58', 0),
(02204290009, 9, 100, '2022-01-01', '15.2', 78, '2023-02-03 18:05:58', '2023-02-03 18:06:58', 0),
(02204290010, 10, 100, '2022-01-01', '15.2', 78, '2023-02-03 18:05:58', '2023-02-03 18:06:58', 0),
(02204290011, 11, 100, '2022-01-01', '15.2', 78, '2023-02-03 18:05:58', '2023-02-03 18:06:58', 0),
(02204290012, 12, 100, '2022-01-01', '15.2', 78, '2023-02-03 18:05:58', '2023-02-03 18:06:58', 0),
(02204290013, 13, 100, '2022-01-01', '15.2', 78, '2023-02-03 18:05:58', '2023-02-03 18:06:58', 0),
(02204300002, 2, 100, '2022-01-01', '17.3', 66, '2023-02-03 18:05:58', '2023-02-03 18:06:58', 0),
(02204300003, 3, 100, '2022-01-01', '17.3', 66, '2023-02-03 18:05:58', '2023-02-03 18:06:58', 0),
(02204300004, 4, 100, '2022-01-01', '17.3', 66, '2023-02-03 18:05:58', '2023-02-03 18:06:58', 0),
(02204300005, 5, 100, '2022-01-01', '17.3', 66, '2023-02-03 18:05:58', '2023-02-03 18:06:58', 0),
(02204300006, 6, 100, '2022-01-01', '17.3', 66, '2023-02-03 18:05:58', '2023-02-03 18:06:58', 0),
(02204300007, 7, 100, '2022-01-01', '17.3', 66, '2023-02-03 18:05:58', '2023-02-03 18:06:58', 0),
(02204300008, 8, 100, '2022-01-01', '17.3', 66, '2023-02-03 18:05:58', '2023-02-03 18:06:58', 0),
(02204300009, 9, 100, '2022-01-01', '17.3', 66, '2023-02-03 18:05:58', '2023-02-03 18:06:58', 0),
(02204300010, 10, 100, '2022-01-01', '17.3', 66, '2023-02-03 18:05:58', '2023-02-03 18:06:58', 0),
(02204300011, 11, 100, '2022-01-01', '17.3', 66, '2023-02-03 18:05:58', '2023-02-03 18:06:58', 0),
(02204300012, 12, 100, '2022-01-01', '17.3', 66, '2023-02-03 18:05:58', '2023-02-03 18:06:58', 0),
(02204300013, 13, 100, '2022-01-01', '17.3', 66, '2023-02-03 18:05:58', '2023-02-03 18:06:58', 0),
(02211010002, 2, 100, '2022-01-01', '15', 88, '2023-02-03 18:05:58', '2023-02-03 18:06:58', 0),
(02211010003, 3, 100, '2022-01-01', '15', 88, '2023-02-03 18:05:58', '2023-02-03 18:06:58', 0),
(02211010004, 4, 100, '2022-01-01', '15', 88, '2023-02-03 18:05:58', '2023-02-03 18:06:58', 0),
(02211010005, 5, 100, '2022-01-01', '15', 88, '2023-02-03 18:05:58', '2023-02-03 18:06:58', 0),
(02211010006, 6, 100, '2022-01-01', '15', 88, '2023-02-03 18:05:58', '2023-02-03 18:06:58', 0),
(02211010007, 7, 100, '2022-01-01', '15', 88, '2023-02-03 18:05:58', '2023-02-03 18:06:58', 0),
(02211010008, 8, 100, '2022-01-01', '15', 88, '2023-02-03 18:05:58', '2023-02-03 18:06:58', 0),
(02211010009, 9, 100, '2022-01-01', '15', 88, '2023-02-03 18:05:58', '2023-02-03 18:06:58', 0),
(02211010010, 10, 100, '2022-01-01', '15', 88, '2023-02-03 18:05:58', '2023-02-03 18:06:58', 0),
(02211010011, 11, 100, '2022-01-01', '15', 88, '2023-02-03 18:05:58', '2023-02-03 18:06:58', 0),
(02211010012, 12, 100, '2022-01-01', '15', 88, '2023-02-03 18:05:58', '2023-02-03 18:06:58', 0),
(02211010013, 13, 100, '2022-01-01', '15', 88, '2023-02-03 18:05:58', '2023-02-03 18:06:58', 0),
(02211020002, 2, 100, '2022-01-01', '17.3', 76, '2023-02-03 18:05:58', '2023-02-03 18:06:58', 0),
(02211020003, 3, 100, '2022-01-01', '17.3', 76, '2023-02-03 18:05:58', '2023-02-03 18:06:58', 0),
(02211020004, 4, 100, '2022-01-01', '17.3', 76, '2023-02-03 18:05:58', '2023-02-03 18:06:58', 0),
(02211020005, 5, 100, '2022-01-01', '17.3', 76, '2023-02-03 18:05:58', '2023-02-03 18:06:58', 0),
(02211020006, 6, 100, '2022-01-01', '17.3', 76, '2023-02-03 18:05:58', '2023-02-03 18:06:58', 0),
(02211020007, 7, 100, '2022-01-01', '17.3', 76, '2023-02-03 18:05:58', '2023-02-03 18:06:58', 0),
(02211020008, 8, 100, '2022-01-01', '17.3', 76, '2023-02-03 18:05:58', '2023-02-03 18:06:58', 0),
(02211020009, 9, 100, '2022-01-01', '17.3', 76, '2023-02-03 18:05:58', '2023-02-03 18:06:58', 0),
(02211020010, 10, 100, '2022-01-01', '17.3', 76, '2023-02-03 18:05:58', '2023-02-03 18:06:58', 0),
(02211020011, 11, 100, '2022-01-01', '17.3', 76, '2023-02-03 18:05:58', '2023-02-03 18:06:58', 0),
(02211020012, 12, 100, '2022-01-01', '17.3', 76, '2023-02-03 18:05:58', '2023-02-03 18:06:58', 0),
(02211020013, 13, 100, '2022-01-01', '17.3', 76, '2023-02-03 18:05:58', '2023-02-03 18:06:58', 0),
(02211030002, 2, 100, '2022-01-01', '16.6', 73, '2023-02-03 18:05:58', '2023-02-03 18:06:58', 0),
(02211030003, 3, 100, '2022-01-01', '16.6', 73, '2023-02-03 18:05:58', '2023-02-03 18:06:58', 0),
(02211030004, 4, 100, '2022-01-01', '16.6', 73, '2023-02-03 18:05:58', '2023-02-03 18:06:58', 0),
(02211030005, 5, 100, '2022-01-01', '16.6', 73, '2023-02-03 18:05:58', '2023-02-03 18:06:58', 0),
(02211030006, 6, 100, '2022-01-01', '16.6', 73, '2023-02-03 18:05:58', '2023-02-03 18:06:58', 0),
(02211030007, 7, 100, '2022-01-01', '16.6', 73, '2023-02-03 18:05:58', '2023-02-03 18:06:58', 0),
(02211030008, 8, 100, '2022-01-01', '16.6', 73, '2023-02-03 18:05:58', '2023-02-03 18:06:58', 0),
(02211030009, 9, 100, '2022-01-01', '16.6', 73, '2023-02-03 18:05:58', '2023-02-03 18:06:58', 0),
(02211030010, 10, 100, '2022-01-01', '16.6', 73, '2023-02-03 18:05:58', '2023-02-03 18:06:58', 0),
(02211030011, 11, 100, '2022-01-01', '16.6', 73, '2023-02-03 18:05:58', '2023-02-03 18:06:58', 0),
(02211030012, 12, 100, '2022-01-01', '16.6', 73, '2023-02-03 18:05:58', '2023-02-03 18:06:58', 0),
(02211030013, 13, 100, '2022-01-01', '16.6', 73, '2023-02-03 18:05:58', '2023-02-03 18:06:58', 0),
(02211040002, 2, 100, '2022-01-01', '15.5', 68, '2023-02-03 18:05:58', '2023-02-03 18:06:58', 0),
(02211040003, 3, 100, '2022-01-01', '15.5', 68, '2023-02-03 18:05:58', '2023-02-03 18:06:58', 0),
(02211040004, 4, 100, '2022-01-01', '15.5', 68, '2023-02-03 18:05:58', '2023-02-03 18:06:58', 0),
(02211040005, 5, 100, '2022-01-01', '15.5', 68, '2023-02-03 18:05:58', '2023-02-03 18:06:58', 0),
(02211040006, 6, 100, '2022-01-01', '15.5', 68, '2023-02-03 18:05:58', '2023-02-03 18:06:58', 0),
(02211040007, 7, 100, '2022-01-01', '15.5', 68, '2023-02-03 18:05:58', '2023-02-03 18:06:58', 0),
(02211040008, 8, 100, '2022-01-01', '15.5', 68, '2023-02-03 18:05:58', '2023-02-03 18:06:58', 0),
(02211040009, 9, 100, '2022-01-01', '15.5', 68, '2023-02-03 18:05:58', '2023-02-03 18:06:58', 0),
(02211040010, 10, 100, '2022-01-01', '15.5', 68, '2023-02-03 18:05:58', '2023-02-03 18:06:58', 0),
(02211040011, 11, 100, '2022-01-01', '15.5', 68, '2023-02-03 18:05:58', '2023-02-03 18:06:58', 0),
(02211040012, 12, 100, '2022-01-01', '15.5', 68, '2023-02-03 18:05:58', '2023-02-03 18:06:58', 0),
(02211040013, 13, 100, '2022-01-01', '15.5', 68, '2023-02-03 18:05:58', '2023-02-03 18:06:58', 0),
(02211050002, 2, 100, '2022-01-01', '14.1', 60, '2023-02-03 18:05:58', '2023-02-03 18:06:58', 0),
(02211050003, 3, 100, '2022-01-01', '14.1', 60, '2023-02-03 18:05:58', '2023-02-03 18:06:58', 0),
(02211050004, 4, 100, '2022-01-01', '14.1', 60, '2023-02-03 18:05:58', '2023-02-03 18:06:58', 0),
(02211050005, 5, 100, '2022-01-01', '14.1', 60, '2023-02-03 18:05:58', '2023-02-03 18:06:58', 0),
(02211050006, 6, 100, '2022-01-01', '14.1', 60, '2023-02-03 18:05:58', '2023-02-03 18:06:58', 0),
(02211050007, 7, 100, '2022-01-01', '14.1', 60, '2023-02-03 18:05:58', '2023-02-03 18:06:58', 0),
(02211050008, 8, 100, '2022-01-01', '14.1', 60, '2023-02-03 18:05:58', '2023-02-03 18:06:58', 0),
(02211050009, 9, 100, '2022-01-01', '14.1', 60, '2023-02-03 18:05:58', '2023-02-03 18:06:58', 0),
(02211050010, 10, 100, '2022-01-01', '14.1', 60, '2023-02-03 18:05:58', '2023-02-03 18:06:58', 0),
(02211050011, 11, 100, '2022-01-01', '14.1', 60, '2023-02-03 18:05:58', '2023-02-03 18:06:58', 0),
(02211050012, 12, 100, '2022-01-01', '14.1', 60, '2023-02-03 18:05:58', '2023-02-03 18:06:58', 0),
(02211050013, 13, 100, '2022-01-01', '14.1', 60, '2023-02-03 18:05:58', '2023-02-03 18:06:58', 0),
(02211060002, 2, 100, '2022-01-01', '13.8', 54, '2023-02-03 18:05:58', '2023-02-03 18:06:58', 0),
(02211060003, 3, 100, '2022-01-01', '13.8', 54, '2023-02-03 18:05:58', '2023-02-03 18:06:58', 0),
(02211060004, 4, 100, '2022-01-01', '13.8', 54, '2023-02-03 18:05:58', '2023-02-03 18:06:58', 0),
(02211060005, 5, 100, '2022-01-01', '13.8', 54, '2023-02-03 18:05:58', '2023-02-03 18:06:58', 0),
(02211060006, 6, 100, '2022-01-01', '13.8', 54, '2023-02-03 18:05:58', '2023-02-03 18:06:58', 0),
(02211060007, 7, 100, '2022-01-01', '13.8', 54, '2023-02-03 18:05:58', '2023-02-03 18:06:58', 0),
(02211060008, 8, 100, '2022-01-01', '13.8', 54, '2023-02-03 18:05:58', '2023-02-03 18:06:58', 0),
(02211060009, 9, 100, '2022-01-01', '13.8', 54, '2023-02-03 18:05:58', '2023-02-03 18:06:58', 0),
(02211060010, 10, 100, '2022-01-01', '13.8', 54, '2023-02-03 18:05:58', '2023-02-03 18:06:58', 0),
(02211060011, 11, 100, '2022-01-01', '13.8', 54, '2023-02-03 18:05:58', '2023-02-03 18:06:58', 0),
(02211060012, 12, 100, '2022-01-01', '13.8', 54, '2023-02-03 18:05:58', '2023-02-03 18:06:58', 0),
(02211060013, 13, 100, '2022-01-01', '13.8', 54, '2023-02-03 18:05:58', '2023-02-03 18:06:58', 0),
(02211070002, 2, 100, '2022-01-01', '14.2', 59, '2023-02-03 18:05:58', '2023-02-03 18:06:58', 0),
(02211070003, 3, 100, '2022-01-01', '14.2', 59, '2023-02-03 18:05:58', '2023-02-03 18:06:58', 0),
(02211070004, 4, 100, '2022-01-01', '14.2', 59, '2023-02-03 18:05:58', '2023-02-03 18:06:58', 0),
(02211070005, 5, 100, '2022-01-01', '14.2', 59, '2023-02-03 18:05:58', '2023-02-03 18:06:58', 0),
(02211070006, 6, 100, '2022-01-01', '14.2', 59, '2023-02-03 18:05:58', '2023-02-03 18:06:58', 0),
(02211070007, 7, 100, '2022-01-01', '14.2', 59, '2023-02-03 18:05:58', '2023-02-03 18:06:58', 0),
(02211070008, 8, 100, '2022-01-01', '14.2', 59, '2023-02-03 18:05:58', '2023-02-03 18:06:58', 0),
(02211070009, 9, 100, '2022-01-01', '14.2', 59, '2023-02-03 18:05:58', '2023-02-03 18:06:58', 0),
(02211070010, 10, 100, '2022-01-01', '14.2', 59, '2023-02-03 18:05:58', '2023-02-03 18:06:58', 0),
(02211070011, 11, 100, '2022-01-01', '14.2', 59, '2023-02-03 18:05:58', '2023-02-03 18:06:58', 0),
(02211070012, 12, 100, '2022-01-01', '14.2', 59, '2023-02-03 18:05:58', '2023-02-03 18:06:58', 0),
(02211070013, 13, 100, '2022-01-01', '14.2', 59, '2023-02-03 18:05:58', '2023-02-03 18:06:58', 0),
(02211080002, 2, 100, '2022-01-01', '14.6', 63, '2023-02-03 18:05:58', '2023-02-03 18:06:58', 0),
(02211080003, 3, 100, '2022-01-01', '14.6', 63, '2023-02-03 18:05:58', '2023-02-03 18:06:58', 0),
(02211080004, 4, 100, '2022-01-01', '14.6', 63, '2023-02-03 18:05:58', '2023-02-03 18:06:58', 0),
(02211080005, 5, 100, '2022-01-01', '14.6', 63, '2023-02-03 18:05:58', '2023-02-03 18:06:58', 0),
(02211080006, 6, 100, '2022-01-01', '14.6', 63, '2023-02-03 18:05:58', '2023-02-03 18:06:58', 0),
(02211080007, 7, 100, '2022-01-01', '14.6', 63, '2023-02-03 18:05:58', '2023-02-03 18:06:58', 0),
(02211080008, 8, 100, '2022-01-01', '14.6', 63, '2023-02-03 18:05:58', '2023-02-03 18:06:58', 0),
(02211080009, 9, 100, '2022-01-01', '14.6', 63, '2023-02-03 18:05:58', '2023-02-03 18:06:58', 0),
(02211080010, 10, 100, '2022-01-01', '14.6', 63, '2023-02-03 18:05:58', '2023-02-03 18:06:58', 0),
(02211080011, 11, 100, '2022-01-01', '14.6', 63, '2023-02-03 18:05:58', '2023-02-03 18:06:58', 0),
(02211080012, 12, 100, '2022-01-01', '14.6', 63, '2023-02-03 18:05:58', '2023-02-03 18:06:58', 0),
(02211080013, 13, 100, '2022-01-01', '14.6', 63, '2023-02-03 18:05:58', '2023-02-03 18:06:58', 0),
(02211090002, 2, 100, '2022-01-01', '13.4', 56, '2023-02-03 18:05:58', '2023-02-03 18:06:58', 0),
(02211090003, 3, 100, '2022-01-01', '13.4', 56, '2023-02-03 18:05:58', '2023-02-03 18:06:58', 0),
(02211090004, 4, 100, '2022-01-01', '13.4', 56, '2023-02-03 18:05:58', '2023-02-03 18:06:58', 0),
(02211090005, 5, 100, '2022-01-01', '13.4', 56, '2023-02-03 18:05:58', '2023-02-03 18:06:58', 0),
(02211090006, 6, 100, '2022-01-01', '13.4', 56, '2023-02-03 18:05:58', '2023-02-03 18:06:58', 0),
(02211090007, 7, 100, '2022-01-01', '13.4', 56, '2023-02-03 18:05:58', '2023-02-03 18:06:58', 0),
(02211090008, 8, 100, '2022-01-01', '13.4', 56, '2023-02-03 18:05:58', '2023-02-03 18:06:58', 0),
(02211090009, 9, 100, '2022-01-01', '13.4', 56, '2023-02-03 18:05:58', '2023-02-03 18:06:58', 0),
(02211090010, 10, 100, '2022-01-01', '13.4', 56, '2023-02-03 18:05:58', '2023-02-03 18:06:58', 0),
(02211090011, 11, 100, '2022-01-01', '13.4', 56, '2023-02-03 18:05:58', '2023-02-03 18:06:58', 0),
(02211090012, 12, 100, '2022-01-01', '13.4', 56, '2023-02-03 18:05:58', '2023-02-03 18:06:58', 0),
(02211090013, 13, 100, '2022-01-01', '13.4', 56, '2023-02-03 18:05:58', '2023-02-03 18:06:58', 0),
(02211100002, 2, 100, '2022-01-01', '13.9', 67, '2023-02-03 18:05:58', '2023-02-03 18:06:58', 0),
(02211100003, 3, 100, '2022-01-01', '13.9', 67, '2023-02-03 18:05:58', '2023-02-03 18:06:58', 0),
(02211100004, 4, 100, '2022-01-01', '13.9', 67, '2023-02-03 18:05:58', '2023-02-03 18:06:58', 0),
(02211100005, 5, 100, '2022-01-01', '13.9', 67, '2023-02-03 18:05:58', '2023-02-03 18:06:58', 0),
(02211100006, 6, 100, '2022-01-01', '13.9', 67, '2023-02-03 18:05:58', '2023-02-03 18:06:58', 0),
(02211100007, 7, 100, '2022-01-01', '13.9', 67, '2023-02-03 18:05:58', '2023-02-03 18:06:58', 0),
(02211100008, 8, 100, '2022-01-01', '13.9', 67, '2023-02-03 18:05:58', '2023-02-03 18:06:58', 0),
(02211100009, 9, 100, '2022-01-01', '13.9', 67, '2023-02-03 18:05:58', '2023-02-03 18:06:58', 0),
(02211100010, 10, 100, '2022-01-01', '13.9', 67, '2023-02-03 18:05:58', '2023-02-03 18:06:58', 0),
(02211100011, 11, 100, '2022-01-01', '13.9', 67, '2023-02-03 18:05:58', '2023-02-03 18:06:58', 0),
(02211100012, 12, 100, '2022-01-01', '13.9', 67, '2023-02-03 18:05:58', '2023-02-03 18:06:58', 0);
INSERT INTO `t_receipts` (`f_receipt_id`, `f_customer_id`, `f_receipt_payment`, `f_receipt_buy_time`, `f_receipt_temperature`, `f_receipt_humidity`, `f_receipt_startusedaytime`, `f_receipt_endusedaytime`, `f_receipt_isreserved`) VALUES
(02211100013, 13, 100, '2022-01-01', '13.9', 67, '2023-02-03 18:05:58', '2023-02-03 18:06:58', 0),
(02211110002, 2, 100, '2022-01-01', '15', 66, '2023-02-03 18:05:58', '2023-02-03 18:06:58', 0),
(02211110003, 3, 100, '2022-01-01', '15', 66, '2023-02-03 18:05:58', '2023-02-03 18:06:58', 0),
(02211110004, 4, 100, '2022-01-01', '15', 66, '2023-02-03 18:05:58', '2023-02-03 18:06:58', 0),
(02211110005, 5, 100, '2022-01-01', '15', 66, '2023-02-03 18:05:58', '2023-02-03 18:06:58', 0),
(02211110006, 6, 100, '2022-01-01', '15', 66, '2023-02-03 18:05:58', '2023-02-03 18:06:58', 0),
(02211110007, 7, 100, '2022-01-01', '15', 66, '2023-02-03 18:05:58', '2023-02-03 18:06:58', 0),
(02211110008, 8, 100, '2022-01-01', '15', 66, '2023-02-03 18:05:58', '2023-02-03 18:06:58', 0),
(02211110009, 9, 100, '2022-01-01', '15', 66, '2023-02-03 18:05:58', '2023-02-03 18:06:58', 0),
(02211110010, 10, 100, '2022-01-01', '15', 66, '2023-02-03 18:05:58', '2023-02-03 18:06:58', 0),
(02211110011, 11, 100, '2022-01-01', '15', 66, '2023-02-03 18:05:58', '2023-02-03 18:06:58', 0),
(02211110012, 12, 100, '2022-01-01', '15', 66, '2023-02-03 18:05:58', '2023-02-03 18:06:58', 0),
(02211110013, 13, 100, '2022-01-01', '15', 66, '2023-02-03 18:05:58', '2023-02-03 18:06:58', 0),
(02211120002, 2, 100, '2022-01-01', '16.2', 69, '2023-02-03 18:05:58', '2023-02-03 18:06:58', 0),
(02211120003, 3, 100, '2022-01-01', '16.2', 69, '2023-02-03 18:05:58', '2023-02-03 18:06:58', 0),
(02211120004, 4, 100, '2022-01-01', '16.2', 69, '2023-02-03 18:05:58', '2023-02-03 18:06:58', 0),
(02211120005, 5, 100, '2022-01-01', '16.2', 69, '2023-02-03 18:05:58', '2023-02-03 18:06:58', 0),
(02211120006, 6, 100, '2022-01-01', '16.2', 69, '2023-02-03 18:05:58', '2023-02-03 18:06:58', 0),
(02211120007, 7, 100, '2022-01-01', '16.2', 69, '2023-02-03 18:05:58', '2023-02-03 18:06:58', 0),
(02211120008, 8, 100, '2022-01-01', '16.2', 69, '2023-02-03 18:05:58', '2023-02-03 18:06:58', 0),
(02211120009, 9, 100, '2022-01-01', '16.2', 69, '2023-02-03 18:05:58', '2023-02-03 18:06:58', 0),
(02211120010, 10, 100, '2022-01-01', '16.2', 69, '2023-02-03 18:05:58', '2023-02-03 18:06:58', 0),
(02211120011, 11, 100, '2022-01-01', '16.2', 69, '2023-02-03 18:05:58', '2023-02-03 18:06:58', 0),
(02211120012, 12, 100, '2022-01-01', '16.2', 69, '2023-02-03 18:05:58', '2023-02-03 18:06:58', 0),
(02211120013, 13, 100, '2022-01-01', '16.2', 69, '2023-02-03 18:05:58', '2023-02-03 18:06:58', 0),
(02211130002, 2, 100, '2022-01-01', '16.6', 86, '2023-02-03 18:05:58', '2023-02-03 18:06:58', 0),
(02211130003, 3, 100, '2022-01-01', '16.6', 86, '2023-02-03 18:05:58', '2023-02-03 18:06:58', 0),
(02211130004, 4, 100, '2022-01-01', '16.6', 86, '2023-02-03 18:05:58', '2023-02-03 18:06:58', 0),
(02211130005, 5, 100, '2022-01-01', '16.6', 86, '2023-02-03 18:05:58', '2023-02-03 18:06:58', 0),
(02211130006, 6, 100, '2022-01-01', '16.6', 86, '2023-02-03 18:05:58', '2023-02-03 18:06:58', 0),
(02211130007, 7, 100, '2022-01-01', '16.6', 86, '2023-02-03 18:05:58', '2023-02-03 18:06:58', 0),
(02211130008, 8, 100, '2022-01-01', '16.6', 86, '2023-02-03 18:05:58', '2023-02-03 18:06:58', 0),
(02211130009, 9, 100, '2022-01-01', '16.6', 86, '2023-02-03 18:05:58', '2023-02-03 18:06:58', 0),
(02211130010, 10, 100, '2022-01-01', '16.6', 86, '2023-02-03 18:05:58', '2023-02-03 18:06:58', 0),
(02211130011, 11, 100, '2022-01-01', '16.6', 86, '2023-02-03 18:05:58', '2023-02-03 18:06:58', 0),
(02211130012, 12, 100, '2022-01-01', '16.6', 86, '2023-02-03 18:05:58', '2023-02-03 18:06:58', 0),
(02211130013, 13, 100, '2022-01-01', '16.6', 86, '2023-02-03 18:05:58', '2023-02-03 18:06:58', 0),
(02211140002, 2, 100, '2022-01-01', '15.2', 55, '2023-02-03 18:05:58', '2023-02-03 18:06:58', 0),
(02211140003, 3, 100, '2022-01-01', '15.2', 55, '2023-02-03 18:05:58', '2023-02-03 18:06:58', 0),
(02211140004, 4, 100, '2022-01-01', '15.2', 55, '2023-02-03 18:05:58', '2023-02-03 18:06:58', 0),
(02211140005, 5, 100, '2022-01-01', '15.2', 55, '2023-02-03 18:05:58', '2023-02-03 18:06:58', 0),
(02211140006, 6, 100, '2022-01-01', '15.2', 55, '2023-02-03 18:05:58', '2023-02-03 18:06:58', 0),
(02211140007, 7, 100, '2022-01-01', '15.2', 55, '2023-02-03 18:05:58', '2023-02-03 18:06:58', 0),
(02211140008, 8, 100, '2022-01-01', '15.2', 55, '2023-02-03 18:05:58', '2023-02-03 18:06:58', 0),
(02211140009, 9, 100, '2022-01-01', '15.2', 55, '2023-02-03 18:05:58', '2023-02-03 18:06:58', 0),
(02211140010, 10, 100, '2022-01-01', '15.2', 55, '2023-02-03 18:05:58', '2023-02-03 18:06:58', 0),
(02211140011, 11, 100, '2022-01-01', '15.2', 55, '2023-02-03 18:05:58', '2023-02-03 18:06:58', 0),
(02211140012, 12, 100, '2022-01-01', '15.2', 55, '2023-02-03 18:05:58', '2023-02-03 18:06:58', 0),
(02211140013, 13, 100, '2022-01-01', '15.2', 55, '2023-02-03 18:05:58', '2023-02-03 18:06:58', 0),
(02211150002, 2, 100, '2022-01-01', '14.5', 58, '2023-02-03 18:05:58', '2023-02-03 18:06:58', 0),
(02211150003, 3, 100, '2022-01-01', '14.5', 58, '2023-02-03 18:05:58', '2023-02-03 18:06:58', 0),
(02211150004, 4, 100, '2022-01-01', '14.5', 58, '2023-02-03 18:05:58', '2023-02-03 18:06:58', 0),
(02211150005, 5, 100, '2022-01-01', '14.5', 58, '2023-02-03 18:05:58', '2023-02-03 18:06:58', 0),
(02211150006, 6, 100, '2022-01-01', '14.5', 58, '2023-02-03 18:05:58', '2023-02-03 18:06:58', 0),
(02211150007, 7, 100, '2022-01-01', '14.5', 58, '2023-02-03 18:05:58', '2023-02-03 18:06:58', 0),
(02211150008, 8, 100, '2022-01-01', '14.5', 58, '2023-02-03 18:05:58', '2023-02-03 18:06:58', 0),
(02211150009, 9, 100, '2022-01-01', '14.5', 58, '2023-02-03 18:05:58', '2023-02-03 18:06:58', 0),
(02211150010, 10, 100, '2022-01-01', '14.5', 58, '2023-02-03 18:05:58', '2023-02-03 18:06:58', 0),
(02211150011, 11, 100, '2022-01-01', '14.5', 58, '2023-02-03 18:05:58', '2023-02-03 18:06:58', 0),
(02211150012, 12, 100, '2022-01-01', '14.5', 58, '2023-02-03 18:05:58', '2023-02-03 18:06:58', 0),
(02211150013, 13, 100, '2022-01-01', '14.5', 58, '2023-02-03 18:05:58', '2023-02-03 18:06:58', 0),
(02211160002, 2, 100, '2022-01-01', '12.7', 66, '2023-02-03 18:05:58', '2023-02-03 18:06:58', 0),
(02211160003, 3, 100, '2022-01-01', '12.7', 66, '2023-02-03 18:05:58', '2023-02-03 18:06:58', 0),
(02211160004, 4, 100, '2022-01-01', '12.7', 66, '2023-02-03 18:05:58', '2023-02-03 18:06:58', 0),
(02211160005, 5, 100, '2022-01-01', '12.7', 66, '2023-02-03 18:05:58', '2023-02-03 18:06:58', 0),
(02211160006, 6, 100, '2022-01-01', '12.7', 66, '2023-02-03 18:05:58', '2023-02-03 18:06:58', 0),
(02211160007, 7, 100, '2022-01-01', '12.7', 66, '2023-02-03 18:05:58', '2023-02-03 18:06:58', 0),
(02211160008, 8, 100, '2022-01-01', '12.7', 66, '2023-02-03 18:05:58', '2023-02-03 18:06:58', 0),
(02211160009, 9, 100, '2022-01-01', '12.7', 66, '2023-02-03 18:05:58', '2023-02-03 18:06:58', 0),
(02211160010, 10, 100, '2022-01-01', '12.7', 66, '2023-02-03 18:05:58', '2023-02-03 18:06:58', 0),
(02211160011, 11, 100, '2022-01-01', '12.7', 66, '2023-02-03 18:05:58', '2023-02-03 18:06:58', 0),
(02211160012, 12, 100, '2022-01-01', '12.7', 66, '2023-02-03 18:05:58', '2023-02-03 18:06:58', 0),
(02211160013, 13, 100, '2022-01-01', '12.7', 66, '2023-02-03 18:05:58', '2023-02-03 18:06:58', 0),
(02211170002, 2, 100, '2022-01-01', '12.1', 69, '2023-02-03 18:05:58', '2023-02-03 18:06:58', 0),
(02211170003, 3, 100, '2022-01-01', '12.1', 69, '2023-02-03 18:05:58', '2023-02-03 18:06:58', 0),
(02211170004, 4, 100, '2022-01-01', '12.1', 69, '2023-02-03 18:05:58', '2023-02-03 18:06:58', 0),
(02211170005, 5, 100, '2022-01-01', '12.1', 69, '2023-02-03 18:05:58', '2023-02-03 18:06:58', 0),
(02211170006, 6, 100, '2022-01-01', '12.1', 69, '2023-02-03 18:05:58', '2023-02-03 18:06:58', 0),
(02211170007, 7, 100, '2022-01-01', '12.1', 69, '2023-02-03 18:05:58', '2023-02-03 18:06:58', 0),
(02211170008, 8, 100, '2022-01-01', '12.1', 69, '2023-02-03 18:05:58', '2023-02-03 18:06:58', 0),
(02211170009, 9, 100, '2022-01-01', '12.1', 69, '2023-02-03 18:05:58', '2023-02-03 18:06:58', 0),
(02211170010, 10, 100, '2022-01-01', '12.1', 69, '2023-02-03 18:05:58', '2023-02-03 18:06:58', 0),
(02211170011, 11, 100, '2022-01-01', '12.1', 69, '2023-02-03 18:05:58', '2023-02-03 18:06:58', 0),
(02211170012, 12, 100, '2022-01-01', '12.1', 69, '2023-02-03 18:05:58', '2023-02-03 18:06:58', 0),
(02211170013, 13, 100, '2022-01-01', '12.1', 69, '2023-02-03 18:05:58', '2023-02-03 18:06:58', 0),
(02211180002, 2, 100, '2022-01-01', '12.6', 65, '2023-02-03 18:05:58', '2023-02-03 18:06:58', 0),
(02211180003, 3, 100, '2022-01-01', '12.6', 65, '2023-02-03 18:05:58', '2023-02-03 18:06:58', 0),
(02211180004, 4, 100, '2022-01-01', '12.6', 65, '2023-02-03 18:05:58', '2023-02-03 18:06:58', 0),
(02211180005, 5, 100, '2022-01-01', '12.6', 65, '2023-02-03 18:05:58', '2023-02-03 18:06:58', 0),
(02211180006, 6, 100, '2022-01-01', '12.6', 65, '2023-02-03 18:05:58', '2023-02-03 18:06:58', 0),
(02211180007, 7, 100, '2022-01-01', '12.6', 65, '2023-02-03 18:05:58', '2023-02-03 18:06:58', 0),
(02211180008, 8, 100, '2022-01-01', '12.6', 65, '2023-02-03 18:05:58', '2023-02-03 18:06:58', 0),
(02211180009, 9, 100, '2022-01-01', '12.6', 65, '2023-02-03 18:05:58', '2023-02-03 18:06:58', 0),
(02211180010, 10, 100, '2022-01-01', '12.6', 65, '2023-02-03 18:05:58', '2023-02-03 18:06:58', 0),
(02211180011, 11, 100, '2022-01-01', '12.6', 65, '2023-02-03 18:05:58', '2023-02-03 18:06:58', 0),
(02211180012, 12, 100, '2022-01-01', '12.6', 65, '2023-02-03 18:05:58', '2023-02-03 18:06:58', 0),
(02211180013, 13, 100, '2022-01-01', '12.6', 65, '2023-02-03 18:05:58', '2023-02-03 18:06:58', 0),
(02211190002, 2, 100, '2022-01-01', '13.2', 59, '2023-02-03 18:05:58', '2023-02-03 18:06:58', 0),
(02211190003, 3, 100, '2022-01-01', '13.2', 59, '2023-02-03 18:05:58', '2023-02-03 18:06:58', 0),
(02211190004, 4, 100, '2022-01-01', '13.2', 59, '2023-02-03 18:05:58', '2023-02-03 18:06:58', 0),
(02211190005, 5, 100, '2022-01-01', '13.2', 59, '2023-02-03 18:05:58', '2023-02-03 18:06:58', 0),
(02211190006, 6, 100, '2022-01-01', '13.2', 59, '2023-02-03 18:05:58', '2023-02-03 18:06:58', 0),
(02211190007, 7, 100, '2022-01-01', '13.2', 59, '2023-02-03 18:05:58', '2023-02-03 18:06:58', 0),
(02211190008, 8, 100, '2022-01-01', '13.2', 59, '2023-02-03 18:05:58', '2023-02-03 18:06:58', 0),
(02211190009, 9, 100, '2022-01-01', '13.2', 59, '2023-02-03 18:05:58', '2023-02-03 18:06:58', 0),
(02211190010, 10, 100, '2022-01-01', '13.2', 59, '2023-02-03 18:05:58', '2023-02-03 18:06:58', 0),
(02211190011, 11, 100, '2022-01-01', '13.2', 59, '2023-02-03 18:05:58', '2023-02-03 18:06:58', 0),
(02211190012, 12, 100, '2022-01-01', '13.2', 59, '2023-02-03 18:05:58', '2023-02-03 18:06:58', 0),
(02211190013, 13, 100, '2022-01-01', '13.2', 59, '2023-02-03 18:05:58', '2023-02-03 18:06:58', 0),
(02211200002, 2, 100, '2022-01-01', '14.7', 62, '2023-02-03 18:05:58', '2023-02-03 18:06:58', 0),
(02211200003, 3, 100, '2022-01-01', '14.7', 62, '2023-02-03 18:05:58', '2023-02-03 18:06:58', 0),
(02211200004, 4, 100, '2022-01-01', '14.7', 62, '2023-02-03 18:05:58', '2023-02-03 18:06:58', 0),
(02211200005, 5, 100, '2022-01-01', '14.7', 62, '2023-02-03 18:05:58', '2023-02-03 18:06:58', 0),
(02211200006, 6, 100, '2022-01-01', '14.7', 62, '2023-02-03 18:05:58', '2023-02-03 18:06:58', 0),
(02211200007, 7, 100, '2022-01-01', '14.7', 62, '2023-02-03 18:05:58', '2023-02-03 18:06:58', 0),
(02211200008, 8, 100, '2022-01-01', '14.7', 62, '2023-02-03 18:05:58', '2023-02-03 18:06:58', 0),
(02211200009, 9, 100, '2022-01-01', '14.7', 62, '2023-02-03 18:05:58', '2023-02-03 18:06:58', 0),
(02211200010, 10, 100, '2022-01-01', '14.7', 62, '2023-02-03 18:05:58', '2023-02-03 18:06:58', 0),
(02211200011, 11, 100, '2022-01-01', '14.7', 62, '2023-02-03 18:05:58', '2023-02-03 18:06:58', 0),
(02211200012, 12, 100, '2022-01-01', '14.7', 62, '2023-02-03 18:05:58', '2023-02-03 18:06:58', 0),
(02211200013, 13, 100, '2022-01-01', '14.7', 62, '2023-02-03 18:05:58', '2023-02-03 18:06:58', 0),
(02211210002, 2, 100, '2022-01-01', '15.6', 79, '2023-02-03 18:05:58', '2023-02-03 18:06:58', 0),
(02211210003, 3, 100, '2022-01-01', '15.6', 79, '2023-02-03 18:05:58', '2023-02-03 18:06:58', 0),
(02211210004, 4, 100, '2022-01-01', '15.6', 79, '2023-02-03 18:05:58', '2023-02-03 18:06:58', 0),
(02211210005, 5, 100, '2022-01-01', '15.6', 79, '2023-02-03 18:05:58', '2023-02-03 18:06:58', 0),
(02211210006, 6, 100, '2022-01-01', '15.6', 79, '2023-02-03 18:05:58', '2023-02-03 18:06:58', 0),
(02211210007, 7, 100, '2022-01-01', '15.6', 79, '2023-02-03 18:05:58', '2023-02-03 18:06:58', 0),
(02211210008, 8, 100, '2022-01-01', '15.6', 79, '2023-02-03 18:05:58', '2023-02-03 18:06:58', 0),
(02211210009, 9, 100, '2022-01-01', '15.6', 79, '2023-02-03 18:05:58', '2023-02-03 18:06:58', 0),
(02211210010, 10, 100, '2022-01-01', '15.6', 79, '2023-02-03 18:05:58', '2023-02-03 18:06:58', 0),
(02211210011, 11, 100, '2022-01-01', '15.6', 79, '2023-02-03 18:05:58', '2023-02-03 18:06:58', 0),
(02211210012, 12, 100, '2022-01-01', '15.6', 79, '2023-02-03 18:05:58', '2023-02-03 18:06:58', 0),
(02211210013, 13, 100, '2022-01-01', '15.6', 79, '2023-02-03 18:05:58', '2023-02-03 18:06:58', 0),
(02211220002, 2, 100, '2022-01-01', '15.1', 71, '2023-02-03 18:05:58', '2023-02-03 18:06:58', 0),
(02211220003, 3, 100, '2022-01-01', '15.1', 71, '2023-02-03 18:05:58', '2023-02-03 18:06:58', 0),
(02211220004, 4, 100, '2022-01-01', '15.1', 71, '2023-02-03 18:05:58', '2023-02-03 18:06:58', 0),
(02211220005, 5, 100, '2022-01-01', '15.1', 71, '2023-02-03 18:05:58', '2023-02-03 18:06:58', 0),
(02211220006, 6, 100, '2022-01-01', '15.1', 71, '2023-02-03 18:05:58', '2023-02-03 18:06:58', 0),
(02211220007, 7, 100, '2022-01-01', '15.1', 71, '2023-02-03 18:05:58', '2023-02-03 18:06:58', 0),
(02211220008, 8, 100, '2022-01-01', '15.1', 71, '2023-02-03 18:05:58', '2023-02-03 18:06:58', 0),
(02211220009, 9, 100, '2022-01-01', '15.1', 71, '2023-02-03 18:05:58', '2023-02-03 18:06:58', 0),
(02211220010, 10, 100, '2022-01-01', '15.1', 71, '2023-02-03 18:05:58', '2023-02-03 18:06:58', 0),
(02211220011, 11, 100, '2022-01-01', '15.1', 71, '2023-02-03 18:05:58', '2023-02-03 18:06:58', 0),
(02211220012, 12, 100, '2022-01-01', '15.1', 71, '2023-02-03 18:05:58', '2023-02-03 18:06:58', 0),
(02211220013, 13, 100, '2022-01-01', '15.1', 71, '2023-02-03 18:05:58', '2023-02-03 18:06:58', 0),
(02211230002, 2, 100, '2022-01-01', '13.2', 93, '2023-02-03 18:05:58', '2023-02-03 18:06:58', 0),
(02211230003, 3, 100, '2022-01-01', '13.2', 93, '2023-02-03 18:05:58', '2023-02-03 18:06:58', 0),
(02211230004, 4, 100, '2022-01-01', '13.2', 93, '2023-02-03 18:05:58', '2023-02-03 18:06:58', 0),
(02211230005, 5, 100, '2022-01-01', '13.2', 93, '2023-02-03 18:05:58', '2023-02-03 18:06:58', 0),
(02211230006, 6, 100, '2022-01-01', '13.2', 93, '2023-02-03 18:05:58', '2023-02-03 18:06:58', 0),
(02211230007, 7, 100, '2022-01-01', '13.2', 93, '2023-02-03 18:05:58', '2023-02-03 18:06:58', 0),
(02211230008, 8, 100, '2022-01-01', '13.2', 93, '2023-02-03 18:05:58', '2023-02-03 18:06:58', 0),
(02211230009, 9, 100, '2022-01-01', '13.2', 93, '2023-02-03 18:05:58', '2023-02-03 18:06:58', 0),
(02211230010, 10, 100, '2022-01-01', '13.2', 93, '2023-02-03 18:05:58', '2023-02-03 18:06:58', 0),
(02211230011, 11, 100, '2022-01-01', '13.2', 93, '2023-02-03 18:05:58', '2023-02-03 18:06:58', 0),
(02211230012, 12, 100, '2022-01-01', '13.2', 93, '2023-02-03 18:05:58', '2023-02-03 18:06:58', 0),
(02211230013, 13, 100, '2022-01-01', '13.2', 93, '2023-02-03 18:05:58', '2023-02-03 18:06:58', 0),
(02211240002, 2, 100, '2022-01-01', '14.7', 62, '2023-02-03 18:05:58', '2023-02-03 18:06:58', 0),
(02211240003, 3, 100, '2022-01-01', '14.7', 62, '2023-02-03 18:05:58', '2023-02-03 18:06:58', 0),
(02211240004, 4, 100, '2022-01-01', '14.7', 62, '2023-02-03 18:05:58', '2023-02-03 18:06:58', 0),
(02211240005, 5, 100, '2022-01-01', '14.7', 62, '2023-02-03 18:05:58', '2023-02-03 18:06:58', 0),
(02211240006, 6, 100, '2022-01-01', '14.7', 62, '2023-02-03 18:05:58', '2023-02-03 18:06:58', 0),
(02211240007, 7, 100, '2022-01-01', '14.7', 62, '2023-02-03 18:05:58', '2023-02-03 18:06:58', 0),
(02211240008, 8, 100, '2022-01-01', '14.7', 62, '2023-02-03 18:05:58', '2023-02-03 18:06:58', 0),
(02211240009, 9, 100, '2022-01-01', '14.7', 62, '2023-02-03 18:05:58', '2023-02-03 18:06:58', 0),
(02211240010, 10, 100, '2022-01-01', '14.7', 62, '2023-02-03 18:05:58', '2023-02-03 18:06:58', 0),
(02211240011, 11, 100, '2022-01-01', '14.7', 62, '2023-02-03 18:05:58', '2023-02-03 18:06:58', 0),
(02211240012, 12, 100, '2022-01-01', '14.7', 62, '2023-02-03 18:05:58', '2023-02-03 18:06:58', 0),
(02211240013, 13, 100, '2022-01-01', '14.7', 62, '2023-02-03 18:05:58', '2023-02-03 18:06:58', 0),
(02211250002, 2, 100, '2022-01-01', '13.5', 64, '2023-02-03 18:05:58', '2023-02-03 18:06:58', 0),
(02211250003, 3, 100, '2022-01-01', '13.5', 64, '2023-02-03 18:05:58', '2023-02-03 18:06:58', 0),
(02211250004, 4, 100, '2022-01-01', '13.5', 64, '2023-02-03 18:05:58', '2023-02-03 18:06:58', 0),
(02211250005, 5, 100, '2022-01-01', '13.5', 64, '2023-02-03 18:05:58', '2023-02-03 18:06:58', 0),
(02211250006, 6, 100, '2022-01-01', '13.5', 64, '2023-02-03 18:05:58', '2023-02-03 18:06:58', 0),
(02211250007, 7, 100, '2022-01-01', '13.5', 64, '2023-02-03 18:05:58', '2023-02-03 18:06:58', 0),
(02211250008, 8, 100, '2022-01-01', '13.5', 64, '2023-02-03 18:05:58', '2023-02-03 18:06:58', 0),
(02211250009, 9, 100, '2022-01-01', '13.5', 64, '2023-02-03 18:05:58', '2023-02-03 18:06:58', 0),
(02211250010, 10, 100, '2022-01-01', '13.5', 64, '2023-02-03 18:05:58', '2023-02-03 18:06:58', 0),
(02211250011, 11, 100, '2022-01-01', '13.5', 64, '2023-02-03 18:05:58', '2023-02-03 18:06:58', 0),
(02211250012, 12, 100, '2022-01-01', '13.5', 64, '2023-02-03 18:05:58', '2023-02-03 18:06:58', 0),
(02211250013, 13, 100, '2022-01-01', '13.5', 64, '2023-02-03 18:05:58', '2023-02-03 18:06:58', 0),
(02211260002, 2, 100, '2022-01-01', '14.5', 82, '2023-02-03 18:05:58', '2023-02-03 18:06:58', 0),
(02211260003, 3, 100, '2022-01-01', '14.5', 82, '2023-02-03 18:05:58', '2023-02-03 18:06:58', 0),
(02211260004, 4, 100, '2022-01-01', '14.5', 82, '2023-02-03 18:05:58', '2023-02-03 18:06:58', 0),
(02211260005, 5, 100, '2022-01-01', '14.5', 82, '2023-02-03 18:05:58', '2023-02-03 18:06:58', 0),
(02211260006, 6, 100, '2022-01-01', '14.5', 82, '2023-02-03 18:05:58', '2023-02-03 18:06:58', 0),
(02211260007, 7, 100, '2022-01-01', '14.5', 82, '2023-02-03 18:05:58', '2023-02-03 18:06:58', 0),
(02211260008, 8, 100, '2022-01-01', '14.5', 82, '2023-02-03 18:05:58', '2023-02-03 18:06:58', 0),
(02211260009, 9, 100, '2022-01-01', '14.5', 82, '2023-02-03 18:05:58', '2023-02-03 18:06:58', 0),
(02211260010, 10, 100, '2022-01-01', '14.5', 82, '2023-02-03 18:05:58', '2023-02-03 18:06:58', 0),
(02211260011, 11, 100, '2022-01-01', '14.5', 82, '2023-02-03 18:05:58', '2023-02-03 18:06:58', 0),
(02211260012, 12, 100, '2022-01-01', '14.5', 82, '2023-02-03 18:05:58', '2023-02-03 18:06:58', 0),
(02211260013, 13, 100, '2022-01-01', '14.5', 82, '2023-02-03 18:05:58', '2023-02-03 18:06:58', 0),
(02211270002, 2, 100, '2022-01-01', '13.8', 61, '2023-02-03 18:05:58', '2023-02-03 18:06:58', 0),
(02211270003, 3, 100, '2022-01-01', '13.8', 61, '2023-02-03 18:05:58', '2023-02-03 18:06:58', 0),
(02211270004, 4, 100, '2022-01-01', '13.8', 61, '2023-02-03 18:05:58', '2023-02-03 18:06:58', 0),
(02211270005, 5, 100, '2022-01-01', '13.8', 61, '2023-02-03 18:05:58', '2023-02-03 18:06:58', 0),
(02211270006, 6, 100, '2022-01-01', '13.8', 61, '2023-02-03 18:05:58', '2023-02-03 18:06:58', 0),
(02211270007, 7, 100, '2022-01-01', '13.8', 61, '2023-02-03 18:05:58', '2023-02-03 18:06:58', 0),
(02211270008, 8, 100, '2022-01-01', '13.8', 61, '2023-02-03 18:05:58', '2023-02-03 18:06:58', 0),
(02211270009, 9, 100, '2022-01-01', '13.8', 61, '2023-02-03 18:05:58', '2023-02-03 18:06:58', 0),
(02211270010, 10, 100, '2022-01-01', '13.8', 61, '2023-02-03 18:05:58', '2023-02-03 18:06:58', 0),
(02211270011, 11, 100, '2022-01-01', '13.8', 61, '2023-02-03 18:05:58', '2023-02-03 18:06:58', 0),
(02211270012, 12, 100, '2022-01-01', '13.8', 61, '2023-02-03 18:05:58', '2023-02-03 18:06:58', 0),
(02211270013, 13, 100, '2022-01-01', '13.8', 61, '2023-02-03 18:05:58', '2023-02-03 18:06:58', 0),
(02211280002, 2, 100, '2022-01-01', '14', 78, '2023-02-03 18:05:58', '2023-02-03 18:06:58', 0),
(02211280003, 3, 100, '2022-01-01', '14', 78, '2023-02-03 18:05:58', '2023-02-03 18:06:58', 0),
(02211280004, 4, 100, '2022-01-01', '14', 78, '2023-02-03 18:05:58', '2023-02-03 18:06:58', 0),
(02211280005, 5, 100, '2022-01-01', '14', 78, '2023-02-03 18:05:58', '2023-02-03 18:06:58', 0),
(02211280006, 6, 100, '2022-01-01', '14', 78, '2023-02-03 18:05:58', '2023-02-03 18:06:58', 0),
(02211280007, 7, 100, '2022-01-01', '14', 78, '2023-02-03 18:05:58', '2023-02-03 18:06:58', 0),
(02211280008, 8, 100, '2022-01-01', '14', 78, '2023-02-03 18:05:58', '2023-02-03 18:06:58', 0),
(02211280009, 9, 100, '2022-01-01', '14', 78, '2023-02-03 18:05:58', '2023-02-03 18:06:58', 0),
(02211280010, 10, 100, '2022-01-01', '14', 78, '2023-02-03 18:05:58', '2023-02-03 18:06:58', 0),
(02211280011, 11, 100, '2022-01-01', '14', 78, '2023-02-03 18:05:58', '2023-02-03 18:06:58', 0),
(02211280012, 12, 100, '2022-01-01', '14', 78, '2023-02-03 18:05:58', '2023-02-03 18:06:58', 0),
(02211280013, 13, 100, '2022-01-01', '14', 78, '2023-02-03 18:05:58', '2023-02-03 18:06:58', 0),
(02211290002, 2, 100, '2022-01-01', '18.5', 94, '2023-02-03 18:05:58', '2023-02-03 18:06:58', 0),
(02211290003, 3, 100, '2022-01-01', '18.5', 94, '2023-02-03 18:05:58', '2023-02-03 18:06:58', 0),
(02211290004, 4, 100, '2022-01-01', '18.5', 94, '2023-02-03 18:05:58', '2023-02-03 18:06:58', 0),
(02211290005, 5, 100, '2022-01-01', '18.5', 94, '2023-02-03 18:05:58', '2023-02-03 18:06:58', 0),
(02211290006, 6, 100, '2022-01-01', '18.5', 94, '2023-02-03 18:05:58', '2023-02-03 18:06:58', 0),
(02211290007, 7, 100, '2022-01-01', '18.5', 94, '2023-02-03 18:05:58', '2023-02-03 18:06:58', 0),
(02211290008, 8, 100, '2022-01-01', '18.5', 94, '2023-02-03 18:05:58', '2023-02-03 18:06:58', 0),
(02211290009, 9, 100, '2022-01-01', '18.5', 94, '2023-02-03 18:05:58', '2023-02-03 18:06:58', 0),
(02211290010, 10, 100, '2022-01-01', '18.5', 94, '2023-02-03 18:05:58', '2023-02-03 18:06:58', 0),
(02211290011, 11, 100, '2022-01-01', '18.5', 94, '2023-02-03 18:05:58', '2023-02-03 18:06:58', 0),
(02211290012, 12, 100, '2022-01-01', '18.5', 94, '2023-02-03 18:05:58', '2023-02-03 18:06:58', 0),
(02211290013, 13, 100, '2022-01-01', '18.5', 94, '2023-02-03 18:05:58', '2023-02-03 18:06:58', 0),
(02211300002, 2, 100, '2022-01-01', '14.7', 70, '2023-02-03 18:05:58', '2023-02-03 18:06:58', 0),
(02211300003, 3, 100, '2022-01-01', '14.7', 70, '2023-02-03 18:05:58', '2023-02-03 18:06:58', 0),
(02211300004, 4, 100, '2022-01-01', '14.7', 70, '2023-02-03 18:05:58', '2023-02-03 18:06:58', 0),
(02211300005, 5, 100, '2022-01-01', '14.7', 70, '2023-02-03 18:05:58', '2023-02-03 18:06:58', 0),
(02211300006, 6, 100, '2022-01-01', '14.7', 70, '2023-02-03 18:05:58', '2023-02-03 18:06:58', 0),
(02211300007, 7, 100, '2022-01-01', '14.7', 70, '2023-02-03 18:05:58', '2023-02-03 18:06:58', 0),
(02211300008, 8, 100, '2022-01-01', '14.7', 70, '2023-02-03 18:05:58', '2023-02-03 18:06:58', 0),
(02211300009, 9, 100, '2022-01-01', '14.7', 70, '2023-02-03 18:05:58', '2023-02-03 18:06:58', 0),
(02211300010, 10, 100, '2022-01-01', '14.7', 70, '2023-02-03 18:05:58', '2023-02-03 18:06:58', 0),
(02211300011, 11, 100, '2022-01-01', '14.7', 70, '2023-02-03 18:05:58', '2023-02-03 18:06:58', 0),
(02211300012, 12, 100, '2022-01-01', '14.7', 70, '2023-02-03 18:05:58', '2023-02-03 18:06:58', 0),
(02211300013, 13, 100, '2022-01-01', '14.7', 70, '2023-02-03 18:05:58', '2023-02-03 18:06:58', 0),
(02212010002, 2, 100, '2022-01-01', '9.3', 68, '2023-02-03 18:05:58', '2023-02-03 18:06:58', 0),
(02212010003, 3, 100, '2022-01-01', '9.3', 68, '2023-02-03 18:05:58', '2023-02-03 18:06:58', 0),
(02212010004, 4, 100, '2022-01-01', '9.3', 68, '2023-02-03 18:05:58', '2023-02-03 18:06:58', 0),
(02212010005, 5, 100, '2022-01-01', '9.3', 68, '2023-02-03 18:05:58', '2023-02-03 18:06:58', 0),
(02212010006, 6, 100, '2022-01-01', '9.3', 68, '2023-02-03 18:05:58', '2023-02-03 18:06:58', 0),
(02212010007, 7, 100, '2022-01-01', '9.3', 68, '2023-02-03 18:05:58', '2023-02-03 18:06:58', 0),
(02212010008, 8, 100, '2022-01-01', '9.3', 68, '2023-02-03 18:05:58', '2023-02-03 18:06:58', 0),
(02212010009, 9, 100, '2022-01-01', '9.3', 68, '2023-02-03 18:05:58', '2023-02-03 18:06:58', 0),
(02212010010, 10, 100, '2022-01-01', '9.3', 68, '2023-02-03 18:05:58', '2023-02-03 18:06:58', 0),
(02212010011, 11, 100, '2022-01-01', '9.3', 68, '2023-02-03 18:05:58', '2023-02-03 18:06:58', 0),
(02212010012, 12, 100, '2022-01-01', '9.3', 68, '2023-02-03 18:05:58', '2023-02-03 18:06:58', 0),
(02212010013, 13, 100, '2022-01-01', '9.3', 68, '2023-02-03 18:05:58', '2023-02-03 18:06:58', 0),
(02212020002, 2, 100, '2022-01-01', '7.6', 68, '2023-02-03 18:05:58', '2023-02-03 18:06:58', 0),
(02212020003, 3, 100, '2022-01-01', '7.6', 68, '2023-02-03 18:05:58', '2023-02-03 18:06:58', 0),
(02212020004, 4, 100, '2022-01-01', '7.6', 68, '2023-02-03 18:05:58', '2023-02-03 18:06:58', 0),
(02212020005, 5, 100, '2022-01-01', '7.6', 68, '2023-02-03 18:05:58', '2023-02-03 18:06:58', 0),
(02212020006, 6, 100, '2022-01-01', '7.6', 68, '2023-02-03 18:05:58', '2023-02-03 18:06:58', 0),
(02212020007, 7, 100, '2022-01-01', '7.6', 68, '2023-02-03 18:05:58', '2023-02-03 18:06:58', 0),
(02212020008, 8, 100, '2022-01-01', '7.6', 68, '2023-02-03 18:05:58', '2023-02-03 18:06:58', 0),
(02212020009, 9, 100, '2022-01-01', '7.6', 68, '2023-02-03 18:05:58', '2023-02-03 18:06:58', 0),
(02212020010, 10, 100, '2022-01-01', '7.6', 68, '2023-02-03 18:05:58', '2023-02-03 18:06:58', 0),
(02212020011, 11, 100, '2022-01-01', '7.6', 68, '2023-02-03 18:05:58', '2023-02-03 18:06:58', 0),
(02212020012, 12, 100, '2022-01-01', '7.6', 68, '2023-02-03 18:05:58', '2023-02-03 18:06:58', 0),
(02212020013, 13, 100, '2022-01-01', '7.6', 68, '2023-02-03 18:05:58', '2023-02-03 18:06:58', 0),
(02212030002, 2, 100, '2022-01-01', '7.5', 64, '2023-02-03 18:05:58', '2023-02-03 18:06:58', 0),
(02212030003, 3, 100, '2022-01-01', '7.5', 64, '2023-02-03 18:05:58', '2023-02-03 18:06:58', 0),
(02212030004, 4, 100, '2022-01-01', '7.5', 64, '2023-02-03 18:05:58', '2023-02-03 18:06:58', 0),
(02212030005, 5, 100, '2022-01-01', '7.5', 64, '2023-02-03 18:05:58', '2023-02-03 18:06:58', 0),
(02212030006, 6, 100, '2022-01-01', '7.5', 64, '2023-02-03 18:05:58', '2023-02-03 18:06:58', 0),
(02212030007, 7, 100, '2022-01-01', '7.5', 64, '2023-02-03 18:05:58', '2023-02-03 18:06:58', 0),
(02212030008, 8, 100, '2022-01-01', '7.5', 64, '2023-02-03 18:05:58', '2023-02-03 18:06:58', 0),
(02212030009, 9, 100, '2022-01-01', '7.5', 64, '2023-02-03 18:05:58', '2023-02-03 18:06:58', 0),
(02212030010, 10, 100, '2022-01-01', '7.5', 64, '2023-02-03 18:05:58', '2023-02-03 18:06:58', 0),
(02212030011, 11, 100, '2022-01-01', '7.5', 64, '2023-02-03 18:05:58', '2023-02-03 18:06:58', 0),
(02212030012, 12, 100, '2022-01-01', '7.5', 64, '2023-02-03 18:05:58', '2023-02-03 18:06:58', 0),
(02212030013, 13, 100, '2022-01-01', '7.5', 64, '2023-02-03 18:05:58', '2023-02-03 18:06:58', 0),
(02212040002, 2, 100, '2022-01-01', '9.2', 68, '2023-02-03 18:05:58', '2023-02-03 18:06:58', 0),
(02212040003, 3, 100, '2022-01-01', '9.2', 68, '2023-02-03 18:05:58', '2023-02-03 18:06:58', 0),
(02212040004, 4, 100, '2022-01-01', '9.2', 68, '2023-02-03 18:05:58', '2023-02-03 18:06:58', 0),
(02212040005, 5, 100, '2022-01-01', '9.2', 68, '2023-02-03 18:05:58', '2023-02-03 18:06:58', 0),
(02212040006, 6, 100, '2022-01-01', '9.2', 68, '2023-02-03 18:05:58', '2023-02-03 18:06:58', 0),
(02212040007, 7, 100, '2022-01-01', '9.2', 68, '2023-02-03 18:05:58', '2023-02-03 18:06:58', 0),
(02212040008, 8, 100, '2022-01-01', '9.2', 68, '2023-02-03 18:05:58', '2023-02-03 18:06:58', 0),
(02212040009, 9, 100, '2022-01-01', '9.2', 68, '2023-02-03 18:05:58', '2023-02-03 18:06:58', 0),
(02212040010, 10, 100, '2022-01-01', '9.2', 68, '2023-02-03 18:05:58', '2023-02-03 18:06:58', 0),
(02212040011, 11, 100, '2022-01-01', '9.2', 68, '2023-02-03 18:05:58', '2023-02-03 18:06:58', 0),
(02212040012, 12, 100, '2022-01-01', '9.2', 68, '2023-02-03 18:05:58', '2023-02-03 18:06:58', 0),
(02212040013, 13, 100, '2022-01-01', '9.2', 68, '2023-02-03 18:05:58', '2023-02-03 18:06:58', 0),
(02212050002, 2, 100, '2022-01-01', '10.2', 63, '2023-02-03 18:05:58', '2023-02-03 18:06:58', 0),
(02212050003, 3, 100, '2022-01-01', '10.2', 63, '2023-02-03 18:05:58', '2023-02-03 18:06:58', 0),
(02212050004, 4, 100, '2022-01-01', '10.2', 63, '2023-02-03 18:05:58', '2023-02-03 18:06:58', 0),
(02212050005, 5, 100, '2022-01-01', '10.2', 63, '2023-02-03 18:05:58', '2023-02-03 18:06:58', 0),
(02212050006, 6, 100, '2022-01-01', '10.2', 63, '2023-02-03 18:05:58', '2023-02-03 18:06:58', 0),
(02212050007, 7, 100, '2022-01-01', '10.2', 63, '2023-02-03 18:05:58', '2023-02-03 18:06:58', 0),
(02212050008, 8, 100, '2022-01-01', '10.2', 63, '2023-02-03 18:05:58', '2023-02-03 18:06:58', 0),
(02212050009, 9, 100, '2022-01-01', '10.2', 63, '2023-02-03 18:05:58', '2023-02-03 18:06:58', 0),
(02212050010, 10, 100, '2022-01-01', '10.2', 63, '2023-02-03 18:05:58', '2023-02-03 18:06:58', 0),
(02212050011, 11, 100, '2022-01-01', '10.2', 63, '2023-02-03 18:05:58', '2023-02-03 18:06:58', 0),
(02212050012, 12, 100, '2022-01-01', '10.2', 63, '2023-02-03 18:05:58', '2023-02-03 18:06:58', 0),
(02212050013, 13, 100, '2022-01-01', '10.2', 63, '2023-02-03 18:05:58', '2023-02-03 18:06:58', 0),
(02212060002, 2, 100, '2022-01-01', '9.4', 68, '2023-02-03 18:05:58', '2023-02-03 18:06:58', 0),
(02212060003, 3, 100, '2022-01-01', '9.4', 68, '2023-02-03 18:05:58', '2023-02-03 18:06:58', 0),
(02212060004, 4, 100, '2022-01-01', '9.4', 68, '2023-02-03 18:05:58', '2023-02-03 18:06:58', 0),
(02212060005, 5, 100, '2022-01-01', '9.4', 68, '2023-02-03 18:05:58', '2023-02-03 18:06:58', 0),
(02212060006, 6, 100, '2022-01-01', '9.4', 68, '2023-02-03 18:05:58', '2023-02-03 18:06:58', 0),
(02212060007, 7, 100, '2022-01-01', '9.4', 68, '2023-02-03 18:05:58', '2023-02-03 18:06:58', 0),
(02212060008, 8, 100, '2022-01-01', '9.4', 68, '2023-02-03 18:05:58', '2023-02-03 18:06:58', 0),
(02212060009, 9, 100, '2022-01-01', '9.4', 68, '2023-02-03 18:05:58', '2023-02-03 18:06:58', 0),
(02212060010, 10, 100, '2022-01-01', '9.4', 68, '2023-02-03 18:05:58', '2023-02-03 18:06:58', 0),
(02212060011, 11, 100, '2022-01-01', '9.4', 68, '2023-02-03 18:05:58', '2023-02-03 18:06:58', 0),
(02212060012, 12, 100, '2022-01-01', '9.4', 68, '2023-02-03 18:05:58', '2023-02-03 18:06:58', 0),
(02212060013, 13, 100, '2022-01-01', '9.4', 68, '2023-02-03 18:05:58', '2023-02-03 18:06:58', 0),
(02212070002, 2, 100, '2022-01-01', '8.5', 60, '2023-02-03 18:05:58', '2023-02-03 18:06:58', 0),
(02212070003, 3, 100, '2022-01-01', '8.5', 60, '2023-02-03 18:05:58', '2023-02-03 18:06:58', 0),
(02212070004, 4, 100, '2022-01-01', '8.5', 60, '2023-02-03 18:05:58', '2023-02-03 18:06:58', 0),
(02212070005, 5, 100, '2022-01-01', '8.5', 60, '2023-02-03 18:05:58', '2023-02-03 18:06:58', 0),
(02212070006, 6, 100, '2022-01-01', '8.5', 60, '2023-02-03 18:05:58', '2023-02-03 18:06:58', 0),
(02212070007, 7, 100, '2022-01-01', '8.5', 60, '2023-02-03 18:05:58', '2023-02-03 18:06:58', 0),
(02212070008, 8, 100, '2022-01-01', '8.5', 60, '2023-02-03 18:05:58', '2023-02-03 18:06:58', 0),
(02212070009, 9, 100, '2022-01-01', '8.5', 60, '2023-02-03 18:05:58', '2023-02-03 18:06:58', 0),
(02212070010, 10, 100, '2022-01-01', '8.5', 60, '2023-02-03 18:05:58', '2023-02-03 18:06:58', 0),
(02212070011, 11, 100, '2022-01-01', '8.5', 60, '2023-02-03 18:05:58', '2023-02-03 18:06:58', 0),
(02212070012, 12, 100, '2022-01-01', '8.5', 60, '2023-02-03 18:05:58', '2023-02-03 18:06:58', 0),
(02212070013, 13, 100, '2022-01-01', '8.5', 60, '2023-02-03 18:05:58', '2023-02-03 18:06:58', 0),
(02212080002, 2, 100, '2022-01-01', '8.7', 69, '2023-02-03 18:05:58', '2023-02-03 18:06:58', 0),
(02212080003, 3, 100, '2022-01-01', '8.7', 69, '2023-02-03 18:05:58', '2023-02-03 18:06:58', 0),
(02212080004, 4, 100, '2022-01-01', '8.7', 69, '2023-02-03 18:05:58', '2023-02-03 18:06:58', 0),
(02212080005, 5, 100, '2022-01-01', '8.7', 69, '2023-02-03 18:05:58', '2023-02-03 18:06:58', 0),
(02212080006, 6, 100, '2022-01-01', '8.7', 69, '2023-02-03 18:05:58', '2023-02-03 18:06:58', 0),
(02212080007, 7, 100, '2022-01-01', '8.7', 69, '2023-02-03 18:05:58', '2023-02-03 18:06:58', 0),
(02212080008, 8, 100, '2022-01-01', '8.7', 69, '2023-02-03 18:05:58', '2023-02-03 18:06:58', 0),
(02212080009, 9, 100, '2022-01-01', '8.7', 69, '2023-02-03 18:05:58', '2023-02-03 18:06:58', 0),
(02212080010, 10, 100, '2022-01-01', '8.7', 69, '2023-02-03 18:05:58', '2023-02-03 18:06:58', 0),
(02212080011, 11, 100, '2022-01-01', '8.7', 69, '2023-02-03 18:05:58', '2023-02-03 18:06:58', 0),
(02212080012, 12, 100, '2022-01-01', '8.7', 69, '2023-02-03 18:05:58', '2023-02-03 18:06:58', 0),
(02212080013, 13, 100, '2022-01-01', '8.7', 69, '2023-02-03 18:05:58', '2023-02-03 18:06:58', 0),
(02212090002, 2, 100, '2022-01-01', '8.9', 65, '2023-02-03 18:05:58', '2023-02-03 18:06:58', 0),
(02212090003, 3, 100, '2022-01-01', '8.9', 65, '2023-02-03 18:05:58', '2023-02-03 18:06:58', 0),
(02212090004, 4, 100, '2022-01-01', '8.9', 65, '2023-02-03 18:05:58', '2023-02-03 18:06:58', 0),
(02212090005, 5, 100, '2022-01-01', '8.9', 65, '2023-02-03 18:05:58', '2023-02-03 18:06:58', 0),
(02212090006, 6, 100, '2022-01-01', '8.9', 65, '2023-02-03 18:05:58', '2023-02-03 18:06:58', 0),
(02212090007, 7, 100, '2022-01-01', '8.9', 65, '2023-02-03 18:05:58', '2023-02-03 18:06:58', 0),
(02212090008, 8, 100, '2022-01-01', '8.9', 65, '2023-02-03 18:05:58', '2023-02-03 18:06:58', 0),
(02212090009, 9, 100, '2022-01-01', '8.9', 65, '2023-02-03 18:05:58', '2023-02-03 18:06:58', 0),
(02212090010, 10, 100, '2022-01-01', '8.9', 65, '2023-02-03 18:05:58', '2023-02-03 18:06:58', 0),
(02212090011, 11, 100, '2022-01-01', '8.9', 65, '2023-02-03 18:05:58', '2023-02-03 18:06:58', 0),
(02212090012, 12, 100, '2022-01-01', '8.9', 65, '2023-02-03 18:05:58', '2023-02-03 18:06:58', 0),
(02212090013, 13, 100, '2022-01-01', '8.9', 65, '2023-02-03 18:05:58', '2023-02-03 18:06:58', 0),
(02212100002, 2, 100, '2022-01-01', '10.3', 66, '2023-02-03 18:05:58', '2023-02-03 18:06:58', 0),
(02212100003, 3, 100, '2022-01-01', '10.3', 66, '2023-02-03 18:05:58', '2023-02-03 18:06:58', 0),
(02212100004, 4, 100, '2022-01-01', '10.3', 66, '2023-02-03 18:05:58', '2023-02-03 18:06:58', 0),
(02212100005, 5, 100, '2022-01-01', '10.3', 66, '2023-02-03 18:05:58', '2023-02-03 18:06:58', 0),
(02212100006, 6, 100, '2022-01-01', '10.3', 66, '2023-02-03 18:05:58', '2023-02-03 18:06:58', 0),
(02212100007, 7, 100, '2022-01-01', '10.3', 66, '2023-02-03 18:05:58', '2023-02-03 18:06:58', 0),
(02212100008, 8, 100, '2022-01-01', '10.3', 66, '2023-02-03 18:05:58', '2023-02-03 18:06:58', 0),
(02212100009, 9, 100, '2022-01-01', '10.3', 66, '2023-02-03 18:05:58', '2023-02-03 18:06:58', 0),
(02212100010, 10, 100, '2022-01-01', '10.3', 66, '2023-02-03 18:05:58', '2023-02-03 18:06:58', 0),
(02212100011, 11, 100, '2022-01-01', '10.3', 66, '2023-02-03 18:05:58', '2023-02-03 18:06:58', 0),
(02212100012, 12, 100, '2022-01-01', '10.3', 66, '2023-02-03 18:05:58', '2023-02-03 18:06:58', 0),
(02212100013, 13, 100, '2022-01-01', '10.3', 66, '2023-02-03 18:05:58', '2023-02-03 18:06:58', 0),
(02212110002, 2, 100, '2022-01-01', '10.5', 64, '2023-02-03 18:05:58', '2023-02-03 18:06:58', 0),
(02212110003, 3, 100, '2022-01-01', '10.5', 64, '2023-02-03 18:05:58', '2023-02-03 18:06:58', 0),
(02212110004, 4, 100, '2022-01-01', '10.5', 64, '2023-02-03 18:05:58', '2023-02-03 18:06:58', 0),
(02212110005, 5, 100, '2022-01-01', '10.5', 64, '2023-02-03 18:05:58', '2023-02-03 18:06:58', 0),
(02212110006, 6, 100, '2022-01-01', '10.5', 64, '2023-02-03 18:05:58', '2023-02-03 18:06:58', 0),
(02212110007, 7, 100, '2022-01-01', '10.5', 64, '2023-02-03 18:05:58', '2023-02-03 18:06:58', 0),
(02212110008, 8, 100, '2022-01-01', '10.5', 64, '2023-02-03 18:05:58', '2023-02-03 18:06:58', 0),
(02212110009, 9, 100, '2022-01-01', '10.5', 64, '2023-02-03 18:05:58', '2023-02-03 18:06:58', 0),
(02212110010, 10, 100, '2022-01-01', '10.5', 64, '2023-02-03 18:05:58', '2023-02-03 18:06:58', 0),
(02212110011, 11, 100, '2022-01-01', '10.5', 64, '2023-02-03 18:05:58', '2023-02-03 18:06:58', 0),
(02212110012, 12, 100, '2022-01-01', '10.5', 64, '2023-02-03 18:05:58', '2023-02-03 18:06:58', 0),
(02212110013, 13, 100, '2022-01-01', '10.5', 64, '2023-02-03 18:05:58', '2023-02-03 18:06:58', 0),
(02212120002, 2, 100, '2022-01-01', '9.5', 52, '2023-02-03 18:05:58', '2023-02-03 18:06:58', 0),
(02212120003, 3, 100, '2022-01-01', '9.5', 52, '2023-02-03 18:05:58', '2023-02-03 18:06:58', 0),
(02212120004, 4, 100, '2022-01-01', '9.5', 52, '2023-02-03 18:05:58', '2023-02-03 18:06:58', 0),
(02212120005, 5, 100, '2022-01-01', '9.5', 52, '2023-02-03 18:05:58', '2023-02-03 18:06:58', 0),
(02212120006, 6, 100, '2022-01-01', '9.5', 52, '2023-02-03 18:05:58', '2023-02-03 18:06:58', 0),
(02212120007, 7, 100, '2022-01-01', '9.5', 52, '2023-02-03 18:05:58', '2023-02-03 18:06:58', 0),
(02212120008, 8, 100, '2022-01-01', '9.5', 52, '2023-02-03 18:05:58', '2023-02-03 18:06:58', 0),
(02212120009, 9, 100, '2022-01-01', '9.5', 52, '2023-02-03 18:05:58', '2023-02-03 18:06:58', 0),
(02212120010, 10, 100, '2022-01-01', '9.5', 52, '2023-02-03 18:05:58', '2023-02-03 18:06:58', 0),
(02212120011, 11, 100, '2022-01-01', '9.5', 52, '2023-02-03 18:05:58', '2023-02-03 18:06:58', 0),
(02212120012, 12, 100, '2022-01-01', '9.5', 52, '2023-02-03 18:05:58', '2023-02-03 18:06:58', 0),
(02212120013, 13, 100, '2022-01-01', '9.5', 52, '2023-02-03 18:05:58', '2023-02-03 18:06:58', 0),
(02212130002, 2, 100, '2022-01-01', '9.5', 79, '2023-02-03 18:05:58', '2023-02-03 18:06:58', 0),
(02212130003, 3, 100, '2022-01-01', '9.5', 79, '2023-02-03 18:05:58', '2023-02-03 18:06:58', 0),
(02212130004, 4, 100, '2022-01-01', '9.5', 79, '2023-02-03 18:05:58', '2023-02-03 18:06:58', 0),
(02212130005, 5, 100, '2022-01-01', '9.5', 79, '2023-02-03 18:05:58', '2023-02-03 18:06:58', 0),
(02212130006, 6, 100, '2022-01-01', '9.5', 79, '2023-02-03 18:05:58', '2023-02-03 18:06:58', 0),
(02212130007, 7, 100, '2022-01-01', '9.5', 79, '2023-02-03 18:05:58', '2023-02-03 18:06:58', 0),
(02212130008, 8, 100, '2022-01-01', '9.5', 79, '2023-02-03 18:05:58', '2023-02-03 18:06:58', 0),
(02212130009, 9, 100, '2022-01-01', '9.5', 79, '2023-02-03 18:05:58', '2023-02-03 18:06:58', 0),
(02212130010, 10, 100, '2022-01-01', '9.5', 79, '2023-02-03 18:05:58', '2023-02-03 18:06:58', 0),
(02212130011, 11, 100, '2022-01-01', '9.5', 79, '2023-02-03 18:05:58', '2023-02-03 18:06:58', 0),
(02212130012, 12, 100, '2022-01-01', '9.5', 79, '2023-02-03 18:05:58', '2023-02-03 18:06:58', 0),
(02212130013, 13, 100, '2022-01-01', '9.5', 79, '2023-02-03 18:05:58', '2023-02-03 18:06:58', 0),
(02212140002, 2, 100, '2022-01-01', '7.2', 57, '2023-02-03 18:05:58', '2023-02-03 18:06:58', 0),
(02212140003, 3, 100, '2022-01-01', '7.2', 57, '2023-02-03 18:05:58', '2023-02-03 18:06:58', 0),
(02212140004, 4, 100, '2022-01-01', '7.2', 57, '2023-02-03 18:05:58', '2023-02-03 18:06:58', 0),
(02212140005, 5, 100, '2022-01-01', '7.2', 57, '2023-02-03 18:05:58', '2023-02-03 18:06:58', 0),
(02212140006, 6, 100, '2022-01-01', '7.2', 57, '2023-02-03 18:05:58', '2023-02-03 18:06:58', 0),
(02212140007, 7, 100, '2022-01-01', '7.2', 57, '2023-02-03 18:05:58', '2023-02-03 18:06:58', 0),
(02212140008, 8, 100, '2022-01-01', '7.2', 57, '2023-02-03 18:05:58', '2023-02-03 18:06:58', 0),
(02212140009, 9, 100, '2022-01-01', '7.2', 57, '2023-02-03 18:05:58', '2023-02-03 18:06:58', 0),
(02212140010, 10, 100, '2022-01-01', '7.2', 57, '2023-02-03 18:05:58', '2023-02-03 18:06:58', 0),
(02212140011, 11, 100, '2022-01-01', '7.2', 57, '2023-02-03 18:05:58', '2023-02-03 18:06:58', 0),
(02212140012, 12, 100, '2022-01-01', '7.2', 57, '2023-02-03 18:05:58', '2023-02-03 18:06:58', 0),
(02212140013, 13, 100, '2022-01-01', '7.2', 57, '2023-02-03 18:05:58', '2023-02-03 18:06:58', 0),
(02212150002, 2, 100, '2022-01-01', '4.9', 67, '2023-02-03 18:05:58', '2023-02-03 18:06:58', 0),
(02212150003, 3, 100, '2022-01-01', '4.9', 67, '2023-02-03 18:05:58', '2023-02-03 18:06:58', 0),
(02212150004, 4, 100, '2022-01-01', '4.9', 67, '2023-02-03 18:05:58', '2023-02-03 18:06:58', 0),
(02212150005, 5, 100, '2022-01-01', '4.9', 67, '2023-02-03 18:05:58', '2023-02-03 18:06:58', 0),
(02212150006, 6, 100, '2022-01-01', '4.9', 67, '2023-02-03 18:05:58', '2023-02-03 18:06:58', 0),
(02212150007, 7, 100, '2022-01-01', '4.9', 67, '2023-02-03 18:05:58', '2023-02-03 18:06:58', 0),
(02212150008, 8, 100, '2022-01-01', '4.9', 67, '2023-02-03 18:05:58', '2023-02-03 18:06:58', 0),
(02212150009, 9, 100, '2022-01-01', '4.9', 67, '2023-02-03 18:05:58', '2023-02-03 18:06:58', 0),
(02212150010, 10, 100, '2022-01-01', '4.9', 67, '2023-02-03 18:05:58', '2023-02-03 18:06:58', 0),
(02212150011, 11, 100, '2022-01-01', '4.9', 67, '2023-02-03 18:05:58', '2023-02-03 18:06:58', 0),
(02212150012, 12, 100, '2022-01-01', '4.9', 67, '2023-02-03 18:05:58', '2023-02-03 18:06:58', 0),
(02212150013, 13, 100, '2022-01-01', '4.9', 67, '2023-02-03 18:05:58', '2023-02-03 18:06:58', 0),
(02212160002, 2, 100, '2022-01-01', '5.5', 76, '2023-02-03 18:05:58', '2023-02-03 18:06:58', 0),
(02212160003, 3, 100, '2022-01-01', '5.5', 76, '2023-02-03 18:05:58', '2023-02-03 18:06:58', 0),
(02212160004, 4, 100, '2022-01-01', '5.5', 76, '2023-02-03 18:05:58', '2023-02-03 18:06:58', 0),
(02212160005, 5, 100, '2022-01-01', '5.5', 76, '2023-02-03 18:05:58', '2023-02-03 18:06:58', 0),
(02212160006, 6, 100, '2022-01-01', '5.5', 76, '2023-02-03 18:05:58', '2023-02-03 18:06:58', 0),
(02212160007, 7, 100, '2022-01-01', '5.5', 76, '2023-02-03 18:05:58', '2023-02-03 18:06:58', 0),
(02212160008, 8, 100, '2022-01-01', '5.5', 76, '2023-02-03 18:05:58', '2023-02-03 18:06:58', 0),
(02212160009, 9, 100, '2022-01-01', '5.5', 76, '2023-02-03 18:05:58', '2023-02-03 18:06:58', 0),
(02212160010, 10, 100, '2022-01-01', '5.5', 76, '2023-02-03 18:05:58', '2023-02-03 18:06:58', 0),
(02212160011, 11, 100, '2022-01-01', '5.5', 76, '2023-02-03 18:05:58', '2023-02-03 18:06:58', 0),
(02212160012, 12, 100, '2022-01-01', '5.5', 76, '2023-02-03 18:05:58', '2023-02-03 18:06:58', 0),
(02212160013, 13, 100, '2022-01-01', '5.5', 76, '2023-02-03 18:05:58', '2023-02-03 18:06:58', 0),
(02212170002, 2, 100, '2022-01-01', '4.8', 84, '2023-02-03 18:05:58', '2023-02-03 18:06:58', 0),
(02212170003, 3, 100, '2022-01-01', '4.8', 84, '2023-02-03 18:05:58', '2023-02-03 18:06:58', 0),
(02212170004, 4, 100, '2022-01-01', '4.8', 84, '2023-02-03 18:05:58', '2023-02-03 18:06:58', 0),
(02212170005, 5, 100, '2022-01-01', '4.8', 84, '2023-02-03 18:05:58', '2023-02-03 18:06:58', 0),
(02212170006, 6, 100, '2022-01-01', '4.8', 84, '2023-02-03 18:05:58', '2023-02-03 18:06:58', 0),
(02212170007, 7, 100, '2022-01-01', '4.8', 84, '2023-02-03 18:05:58', '2023-02-03 18:06:58', 0),
(02212170008, 8, 100, '2022-01-01', '4.8', 84, '2023-02-03 18:05:58', '2023-02-03 18:06:58', 0),
(02212170009, 9, 100, '2022-01-01', '4.8', 84, '2023-02-03 18:05:58', '2023-02-03 18:06:58', 0),
(02212170010, 10, 100, '2022-01-01', '4.8', 84, '2023-02-03 18:05:58', '2023-02-03 18:06:58', 0),
(02212170011, 11, 100, '2022-01-01', '4.8', 84, '2023-02-03 18:05:58', '2023-02-03 18:06:58', 0),
(02212170012, 12, 100, '2022-01-01', '4.8', 84, '2023-02-03 18:05:58', '2023-02-03 18:06:58', 0),
(02212170013, 13, 100, '2022-01-01', '4.8', 84, '2023-02-03 18:05:58', '2023-02-03 18:06:58', 0),
(02212180002, 2, 100, '2022-01-01', '3.4', 56, '2023-02-03 18:05:58', '2023-02-03 18:06:58', 0),
(02212180003, 3, 100, '2022-01-01', '3.4', 56, '2023-02-03 18:05:58', '2023-02-03 18:06:58', 0),
(02212180004, 4, 100, '2022-01-01', '3.4', 56, '2023-02-03 18:05:58', '2023-02-03 18:06:58', 0),
(02212180005, 5, 100, '2022-01-01', '3.4', 56, '2023-02-03 18:05:58', '2023-02-03 18:06:58', 0),
(02212180006, 6, 100, '2022-01-01', '3.4', 56, '2023-02-03 18:05:58', '2023-02-03 18:06:58', 0),
(02212180007, 7, 100, '2022-01-01', '3.4', 56, '2023-02-03 18:05:58', '2023-02-03 18:06:58', 0),
(02212180008, 8, 100, '2022-01-01', '3.4', 56, '2023-02-03 18:05:58', '2023-02-03 18:06:58', 0),
(02212180009, 9, 100, '2022-01-01', '3.4', 56, '2023-02-03 18:05:58', '2023-02-03 18:06:58', 0),
(02212180010, 10, 100, '2022-01-01', '3.4', 56, '2023-02-03 18:05:58', '2023-02-03 18:06:58', 0),
(02212180011, 11, 100, '2022-01-01', '3.4', 56, '2023-02-03 18:05:58', '2023-02-03 18:06:58', 0),
(02212180012, 12, 100, '2022-01-01', '3.4', 56, '2023-02-03 18:05:58', '2023-02-03 18:06:58', 0),
(02212180013, 13, 100, '2022-01-01', '3.4', 56, '2023-02-03 18:05:58', '2023-02-03 18:06:58', 0),
(02212190002, 2, 100, '2022-01-01', '2.7', 52, '2023-02-03 18:05:58', '2023-02-03 18:06:58', 0),
(02212190003, 3, 100, '2022-01-01', '2.7', 52, '2023-02-03 18:05:58', '2023-02-03 18:06:58', 0),
(02212190004, 4, 100, '2022-01-01', '2.7', 52, '2023-02-03 18:05:58', '2023-02-03 18:06:58', 0),
(02212190005, 5, 100, '2022-01-01', '2.7', 52, '2023-02-03 18:05:58', '2023-02-03 18:06:58', 0),
(02212190006, 6, 100, '2022-01-01', '2.7', 52, '2023-02-03 18:05:58', '2023-02-03 18:06:58', 0),
(02212190007, 7, 100, '2022-01-01', '2.7', 52, '2023-02-03 18:05:58', '2023-02-03 18:06:58', 0),
(02212190008, 8, 100, '2022-01-01', '2.7', 52, '2023-02-03 18:05:58', '2023-02-03 18:06:58', 0),
(02212190009, 9, 100, '2022-01-01', '2.7', 52, '2023-02-03 18:05:58', '2023-02-03 18:06:58', 0),
(02212190010, 10, 100, '2022-01-01', '2.7', 52, '2023-02-03 18:05:58', '2023-02-03 18:06:58', 0),
(02212190011, 11, 100, '2022-01-01', '2.7', 52, '2023-02-03 18:05:58', '2023-02-03 18:06:58', 0),
(02212190012, 12, 100, '2022-01-01', '2.7', 52, '2023-02-03 18:05:58', '2023-02-03 18:06:58', 0),
(02212190013, 13, 100, '2022-01-01', '2.7', 52, '2023-02-03 18:05:58', '2023-02-03 18:06:58', 0),
(02212200002, 2, 100, '2022-01-01', '3.8', 72, '2023-02-03 18:05:58', '2023-02-03 18:06:58', 0),
(02212200003, 3, 100, '2022-01-01', '3.8', 72, '2023-02-03 18:05:58', '2023-02-03 18:06:58', 0),
(02212200004, 4, 100, '2022-01-01', '3.8', 72, '2023-02-03 18:05:58', '2023-02-03 18:06:58', 0),
(02212200005, 5, 100, '2022-01-01', '3.8', 72, '2023-02-03 18:05:58', '2023-02-03 18:06:58', 0),
(02212200006, 6, 100, '2022-01-01', '3.8', 72, '2023-02-03 18:05:58', '2023-02-03 18:06:58', 0),
(02212200007, 7, 100, '2022-01-01', '3.8', 72, '2023-02-03 18:05:58', '2023-02-03 18:06:58', 0),
(02212200008, 8, 100, '2022-01-01', '3.8', 72, '2023-02-03 18:05:58', '2023-02-03 18:06:58', 0),
(02212200009, 9, 100, '2022-01-01', '3.8', 72, '2023-02-03 18:05:58', '2023-02-03 18:06:58', 0),
(02212200010, 10, 100, '2022-01-01', '3.8', 72, '2023-02-03 18:05:58', '2023-02-03 18:06:58', 0),
(02212200011, 11, 100, '2022-01-01', '3.8', 72, '2023-02-03 18:05:58', '2023-02-03 18:06:58', 0),
(02212200012, 12, 100, '2022-01-01', '3.8', 72, '2023-02-03 18:05:58', '2023-02-03 18:06:58', 0),
(02212200013, 13, 100, '2022-01-01', '3.8', 72, '2023-02-03 18:05:58', '2023-02-03 18:06:58', 0),
(02212210002, 2, 100, '2022-01-01', '4.6', 75, '2023-02-03 18:05:58', '2023-02-03 18:06:58', 0),
(02212210003, 3, 100, '2022-01-01', '4.6', 75, '2023-02-03 18:05:58', '2023-02-03 18:06:58', 0),
(02212210004, 4, 100, '2022-01-01', '4.6', 75, '2023-02-03 18:05:58', '2023-02-03 18:06:58', 0),
(02212210005, 5, 100, '2022-01-01', '4.6', 75, '2023-02-03 18:05:58', '2023-02-03 18:06:58', 0),
(02212210006, 6, 100, '2022-01-01', '4.6', 75, '2023-02-03 18:05:58', '2023-02-03 18:06:58', 0),
(02212210007, 7, 100, '2022-01-01', '4.6', 75, '2023-02-03 18:05:58', '2023-02-03 18:06:58', 0),
(02212210008, 8, 100, '2022-01-01', '4.6', 75, '2023-02-03 18:05:58', '2023-02-03 18:06:58', 0),
(02212210009, 9, 100, '2022-01-01', '4.6', 75, '2023-02-03 18:05:58', '2023-02-03 18:06:58', 0),
(02212210010, 10, 100, '2022-01-01', '4.6', 75, '2023-02-03 18:05:58', '2023-02-03 18:06:58', 0),
(02212210011, 11, 100, '2022-01-01', '4.6', 75, '2023-02-03 18:05:58', '2023-02-03 18:06:58', 0),
(02212210012, 12, 100, '2022-01-01', '4.6', 75, '2023-02-03 18:05:58', '2023-02-03 18:06:58', 0),
(02212210013, 13, 100, '2022-01-01', '4.6', 75, '2023-02-03 18:05:58', '2023-02-03 18:06:58', 0),
(02212220002, 2, 100, '2022-01-01', '6.6', 85, '2023-02-03 18:05:58', '2023-02-03 18:06:58', 0),
(02212220003, 3, 100, '2022-01-01', '6.6', 85, '2023-02-03 18:05:58', '2023-02-03 18:06:58', 0),
(02212220004, 4, 100, '2022-01-01', '6.6', 85, '2023-02-03 18:05:58', '2023-02-03 18:06:58', 0),
(02212220005, 5, 100, '2022-01-01', '6.6', 85, '2023-02-03 18:05:58', '2023-02-03 18:06:58', 0),
(02212220006, 6, 100, '2022-01-01', '6.6', 85, '2023-02-03 18:05:58', '2023-02-03 18:06:58', 0),
(02212220007, 7, 100, '2022-01-01', '6.6', 85, '2023-02-03 18:05:58', '2023-02-03 18:06:58', 0),
(02212220008, 8, 100, '2022-01-01', '6.6', 85, '2023-02-03 18:05:58', '2023-02-03 18:06:58', 0),
(02212220009, 9, 100, '2022-01-01', '6.6', 85, '2023-02-03 18:05:58', '2023-02-03 18:06:58', 0),
(02212220010, 10, 100, '2022-01-01', '6.6', 85, '2023-02-03 18:05:58', '2023-02-03 18:06:58', 0),
(02212220011, 11, 100, '2022-01-01', '6.6', 85, '2023-02-03 18:05:58', '2023-02-03 18:06:58', 0),
(02212220012, 12, 100, '2022-01-01', '6.6', 85, '2023-02-03 18:05:58', '2023-02-03 18:06:58', 0),
(02212220013, 13, 100, '2022-01-01', '6.6', 85, '2023-02-03 18:05:58', '2023-02-03 18:06:58', 0),
(02212230002, 2, 100, '2022-01-01', '2.7', 41, '2023-02-03 18:05:58', '2023-02-03 18:06:58', 0),
(02212230003, 3, 100, '2022-01-01', '2.7', 41, '2023-02-03 18:05:58', '2023-02-03 18:06:58', 0),
(02212230004, 4, 100, '2022-01-01', '2.7', 41, '2023-02-03 18:05:58', '2023-02-03 18:06:58', 0),
(02212230005, 5, 100, '2022-01-01', '2.7', 41, '2023-02-03 18:05:58', '2023-02-03 18:06:58', 0),
(02212230006, 6, 100, '2022-01-01', '2.7', 41, '2023-02-03 18:05:58', '2023-02-03 18:06:58', 0),
(02212230007, 7, 100, '2022-01-01', '2.7', 41, '2023-02-03 18:05:58', '2023-02-03 18:06:58', 0),
(02212230008, 8, 100, '2022-01-01', '2.7', 41, '2023-02-03 18:05:58', '2023-02-03 18:06:58', 0),
(02212230009, 9, 100, '2022-01-01', '2.7', 41, '2023-02-03 18:05:58', '2023-02-03 18:06:58', 0),
(02212230010, 10, 100, '2022-01-01', '2.7', 41, '2023-02-03 18:05:58', '2023-02-03 18:06:58', 0),
(02212230011, 11, 100, '2022-01-01', '2.7', 41, '2023-02-03 18:05:58', '2023-02-03 18:06:58', 0),
(02212230012, 12, 100, '2022-01-01', '2.7', 41, '2023-02-03 18:05:58', '2023-02-03 18:06:58', 0),
(02212230013, 13, 100, '2022-01-01', '2.7', 41, '2023-02-03 18:05:58', '2023-02-03 18:06:58', 0),
(02212240002, 2, 100, '2022-01-01', '1.7', 85, '2023-02-03 18:05:58', '2023-02-03 18:06:58', 0),
(02212240003, 3, 100, '2022-01-01', '1.7', 85, '2023-02-03 18:05:58', '2023-02-03 18:06:58', 0);
INSERT INTO `t_receipts` (`f_receipt_id`, `f_customer_id`, `f_receipt_payment`, `f_receipt_buy_time`, `f_receipt_temperature`, `f_receipt_humidity`, `f_receipt_startusedaytime`, `f_receipt_endusedaytime`, `f_receipt_isreserved`) VALUES
(02212240004, 4, 100, '2022-01-01', '1.7', 85, '2023-02-03 18:05:58', '2023-02-03 18:06:58', 0),
(02212240005, 5, 100, '2022-01-01', '1.7', 85, '2023-02-03 18:05:58', '2023-02-03 18:06:58', 0),
(02212240006, 6, 100, '2022-01-01', '1.7', 85, '2023-02-03 18:05:58', '2023-02-03 18:06:58', 0),
(02212240007, 7, 100, '2022-01-01', '1.7', 85, '2023-02-03 18:05:58', '2023-02-03 18:06:58', 0),
(02212240008, 8, 100, '2022-01-01', '1.7', 85, '2023-02-03 18:05:58', '2023-02-03 18:06:58', 0),
(02212240009, 9, 100, '2022-01-01', '1.7', 85, '2023-02-03 18:05:58', '2023-02-03 18:06:58', 0),
(02212240010, 10, 100, '2022-01-01', '1.7', 85, '2023-02-03 18:05:58', '2023-02-03 18:06:58', 0),
(02212240011, 11, 100, '2022-01-01', '1.7', 85, '2023-02-03 18:05:58', '2023-02-03 18:06:58', 0),
(02212240012, 12, 100, '2022-01-01', '1.7', 85, '2023-02-03 18:05:58', '2023-02-03 18:06:58', 0),
(02212240013, 13, 100, '2022-01-01', '1.7', 85, '2023-02-03 18:05:58', '2023-02-03 18:06:58', 0),
(02212250002, 2, 100, '2022-01-01', '4.1', 80, '2023-02-03 18:05:58', '2023-02-03 18:06:58', 0),
(02212250003, 3, 100, '2022-01-01', '4.1', 80, '2023-02-03 18:05:58', '2023-02-03 18:06:58', 0),
(02212250004, 4, 100, '2022-01-01', '4.1', 80, '2023-02-03 18:05:58', '2023-02-03 18:06:58', 0),
(02212250005, 5, 100, '2022-01-01', '4.1', 80, '2023-02-03 18:05:58', '2023-02-03 18:06:58', 0),
(02212250006, 6, 100, '2022-01-01', '4.1', 80, '2023-02-03 18:05:58', '2023-02-03 18:06:58', 0),
(02212250007, 7, 100, '2022-01-01', '4.1', 80, '2023-02-03 18:05:58', '2023-02-03 18:06:58', 0),
(02212250008, 8, 100, '2022-01-01', '4.1', 80, '2023-02-03 18:05:58', '2023-02-03 18:06:58', 0),
(02212250009, 9, 100, '2022-01-01', '4.1', 80, '2023-02-03 18:05:58', '2023-02-03 18:06:58', 0),
(02212250010, 10, 100, '2022-01-01', '4.1', 80, '2023-02-03 18:05:58', '2023-02-03 18:06:58', 0),
(02212250011, 11, 100, '2022-01-01', '4.1', 80, '2023-02-03 18:05:58', '2023-02-03 18:06:58', 0),
(02212250012, 12, 100, '2022-01-01', '4.1', 80, '2023-02-03 18:05:58', '2023-02-03 18:06:58', 0),
(02212250013, 13, 100, '2022-01-01', '4.1', 80, '2023-02-03 18:05:58', '2023-02-03 18:06:58', 0),
(02212260002, 2, 100, '2022-01-01', '5.6', 64, '2023-02-03 18:05:58', '2023-02-03 18:06:58', 0),
(02212260003, 3, 100, '2022-01-01', '5.6', 64, '2023-02-03 18:05:58', '2023-02-03 18:06:58', 0),
(02212260004, 4, 100, '2022-01-01', '5.6', 64, '2023-02-03 18:05:58', '2023-02-03 18:06:58', 0),
(02212260005, 5, 100, '2022-01-01', '5.6', 64, '2023-02-03 18:05:58', '2023-02-03 18:06:58', 0),
(02212260006, 6, 100, '2022-01-01', '5.6', 64, '2023-02-03 18:05:58', '2023-02-03 18:06:58', 0),
(02212260007, 7, 100, '2022-01-01', '5.6', 64, '2023-02-03 18:05:58', '2023-02-03 18:06:58', 0),
(02212260008, 8, 100, '2022-01-01', '5.6', 64, '2023-02-03 18:05:58', '2023-02-03 18:06:58', 0),
(02212260009, 9, 100, '2022-01-01', '5.6', 64, '2023-02-03 18:05:58', '2023-02-03 18:06:58', 0),
(02212260010, 10, 100, '2022-01-01', '5.6', 64, '2023-02-03 18:05:58', '2023-02-03 18:06:58', 0),
(02212260011, 11, 100, '2022-01-01', '5.6', 64, '2023-02-03 18:05:58', '2023-02-03 18:06:58', 0),
(02212260012, 12, 100, '2022-01-01', '5.6', 64, '2023-02-03 18:05:58', '2023-02-03 18:06:58', 0),
(02212260013, 13, 100, '2022-01-01', '5.6', 64, '2023-02-03 18:05:58', '2023-02-03 18:06:58', 0),
(02212270002, 2, 100, '2022-01-01', '4.7', 64, '2023-02-03 18:05:58', '2023-02-03 18:06:58', 0),
(02212270003, 3, 100, '2022-01-01', '4.7', 64, '2023-02-03 18:05:58', '2023-02-03 18:06:58', 0),
(02212270004, 4, 100, '2022-01-01', '4.7', 64, '2023-02-03 18:05:58', '2023-02-03 18:06:58', 0),
(02212270005, 5, 100, '2022-01-01', '4.7', 64, '2023-02-03 18:05:58', '2023-02-03 18:06:58', 0),
(02212270006, 6, 100, '2022-01-01', '4.7', 64, '2023-02-03 18:05:58', '2023-02-03 18:06:58', 0),
(02212270007, 7, 100, '2022-01-01', '4.7', 64, '2023-02-03 18:05:58', '2023-02-03 18:06:58', 0),
(02212270008, 8, 100, '2022-01-01', '4.7', 64, '2023-02-03 18:05:58', '2023-02-03 18:06:58', 0),
(02212270009, 9, 100, '2022-01-01', '4.7', 64, '2023-02-03 18:05:58', '2023-02-03 18:06:58', 0),
(02212270010, 10, 100, '2022-01-01', '4.7', 64, '2023-02-03 18:05:58', '2023-02-03 18:06:58', 0),
(02212270011, 11, 100, '2022-01-01', '4.7', 64, '2023-02-03 18:05:58', '2023-02-03 18:06:58', 0),
(02212270012, 12, 100, '2022-01-01', '4.7', 64, '2023-02-03 18:05:58', '2023-02-03 18:06:58', 0),
(02212270013, 13, 100, '2022-01-01', '4.7', 64, '2023-02-03 18:05:58', '2023-02-03 18:06:58', 0),
(02212280002, 2, 100, '2022-01-01', '5.3', 71, '2023-02-03 18:05:58', '2023-02-03 18:06:58', 0),
(02212280003, 3, 100, '2022-01-01', '5.3', 71, '2023-02-03 18:05:58', '2023-02-03 18:06:58', 0),
(02212280004, 4, 100, '2022-01-01', '5.3', 71, '2023-02-03 18:05:58', '2023-02-03 18:06:58', 0),
(02212280005, 5, 100, '2022-01-01', '5.3', 71, '2023-02-03 18:05:58', '2023-02-03 18:06:58', 0),
(02212280006, 6, 100, '2022-01-01', '5.3', 71, '2023-02-03 18:05:58', '2023-02-03 18:06:58', 0),
(02212280007, 7, 100, '2022-01-01', '5.3', 71, '2023-02-03 18:05:58', '2023-02-03 18:06:58', 0),
(02212280008, 8, 100, '2022-01-01', '5.3', 71, '2023-02-03 18:05:58', '2023-02-03 18:06:58', 0),
(02212280009, 9, 100, '2022-01-01', '5.3', 71, '2023-02-03 18:05:58', '2023-02-03 18:06:58', 0),
(02212280010, 10, 100, '2022-01-01', '5.3', 71, '2023-02-03 18:05:58', '2023-02-03 18:06:58', 0),
(02212280011, 11, 100, '2022-01-01', '5.3', 71, '2023-02-03 18:05:58', '2023-02-03 18:06:58', 0),
(02212280012, 12, 100, '2022-01-01', '5.3', 71, '2023-02-03 18:05:58', '2023-02-03 18:06:58', 0),
(02212280013, 13, 100, '2022-01-01', '5.3', 71, '2023-02-03 18:05:58', '2023-02-03 18:06:58', 0),
(02212290002, 2, 100, '2022-01-01', '5.9', 75, '2023-02-03 18:05:58', '2023-02-03 18:06:58', 0),
(02212290003, 3, 100, '2022-01-01', '5.9', 75, '2023-02-03 18:05:58', '2023-02-03 18:06:58', 0),
(02212290004, 4, 100, '2022-01-01', '5.9', 75, '2023-02-03 18:05:58', '2023-02-03 18:06:58', 0),
(02212290005, 5, 100, '2022-01-01', '5.9', 75, '2023-02-03 18:05:58', '2023-02-03 18:06:58', 0),
(02212290006, 6, 100, '2022-01-01', '5.9', 75, '2023-02-03 18:05:58', '2023-02-03 18:06:58', 0),
(02212290007, 7, 100, '2022-01-01', '5.9', 75, '2023-02-03 18:05:58', '2023-02-03 18:06:58', 0),
(02212290008, 8, 100, '2022-01-01', '5.9', 75, '2023-02-03 18:05:58', '2023-02-03 18:06:58', 0),
(02212290009, 9, 100, '2022-01-01', '5.9', 75, '2023-02-03 18:05:58', '2023-02-03 18:06:58', 0),
(02212290010, 10, 100, '2022-01-01', '5.9', 75, '2023-02-03 18:05:58', '2023-02-03 18:06:58', 0),
(02212290011, 11, 100, '2022-01-01', '5.9', 75, '2023-02-03 18:05:58', '2023-02-03 18:06:58', 0),
(02212290012, 12, 100, '2022-01-01', '5.9', 75, '2023-02-03 18:05:58', '2023-02-03 18:06:58', 0),
(02212290013, 13, 100, '2022-01-01', '5.9', 75, '2023-02-03 18:05:58', '2023-02-03 18:06:58', 0),
(02212300002, 2, 100, '2022-01-01', '5.6', 75, '2023-02-03 18:05:58', '2023-02-03 18:06:58', 0),
(02212300003, 3, 100, '2022-01-01', '5.6', 75, '2023-02-03 18:05:58', '2023-02-03 18:06:58', 0),
(02212300004, 4, 100, '2022-01-01', '5.6', 75, '2023-02-03 18:05:58', '2023-02-03 18:06:58', 0),
(02212300005, 5, 100, '2022-01-01', '5.6', 75, '2023-02-03 18:05:58', '2023-02-03 18:06:58', 0),
(02212300006, 6, 100, '2022-01-01', '5.6', 75, '2023-02-03 18:05:58', '2023-02-03 18:06:58', 0),
(02212300007, 7, 100, '2022-01-01', '5.6', 75, '2023-02-03 18:05:58', '2023-02-03 18:06:58', 0),
(02212300008, 8, 100, '2022-01-01', '5.6', 75, '2023-02-03 18:05:58', '2023-02-03 18:06:58', 0),
(02212300009, 9, 100, '2022-01-01', '5.6', 75, '2023-02-03 18:05:58', '2023-02-03 18:06:58', 0),
(02212300010, 10, 100, '2022-01-01', '5.6', 75, '2023-02-03 18:05:58', '2023-02-03 18:06:58', 0),
(02212300011, 11, 100, '2022-01-01', '5.6', 75, '2023-02-03 18:05:58', '2023-02-03 18:06:58', 0),
(02212300012, 12, 100, '2022-01-01', '5.6', 75, '2023-02-03 18:05:58', '2023-02-03 18:06:58', 0),
(02212300013, 13, 100, '2022-01-01', '5.6', 75, '2023-02-03 18:05:58', '2023-02-03 18:06:58', 0),
(02212310002, 2, 100, '2022-01-01', '5.8', 74, '2023-02-03 18:05:58', '2023-02-03 18:06:58', 0),
(02212310003, 3, 100, '2022-01-01', '5.8', 74, '2023-02-03 18:05:58', '2023-02-03 18:06:58', 0),
(02212310004, 4, 100, '2022-01-01', '5.8', 74, '2023-02-03 18:05:58', '2023-02-03 18:06:58', 0),
(02212310005, 5, 100, '2022-01-01', '5.8', 74, '2023-02-03 18:05:58', '2023-02-03 18:06:58', 0),
(02212310006, 6, 100, '2022-01-01', '5.8', 74, '2023-02-03 18:05:58', '2023-02-03 18:06:58', 0),
(02212310007, 7, 100, '2022-01-01', '5.8', 74, '2023-02-03 18:05:58', '2023-02-03 18:06:58', 0),
(02212310008, 8, 100, '2022-01-01', '5.8', 74, '2023-02-03 18:05:58', '2023-02-03 18:06:58', 0),
(02212310009, 9, 100, '2022-01-01', '5.8', 74, '2023-02-03 18:05:58', '2023-02-03 18:06:58', 0),
(02212310010, 10, 100, '2022-01-01', '5.8', 74, '2023-02-03 18:05:58', '2023-02-03 18:06:58', 0),
(02212310011, 11, 100, '2022-01-01', '5.8', 74, '2023-02-03 18:05:58', '2023-02-03 18:06:58', 0),
(02212310012, 12, 100, '2022-01-01', '5.8', 74, '2023-02-03 18:05:58', '2023-02-03 18:06:58', 0),
(02212310013, 13, 100, '2022-01-01', '5.8', 74, '2023-02-03 18:05:58', '2023-02-03 18:06:58', 0);

-- --------------------------------------------------------

--
-- テーブルの構造 `t_replenishments`
--

CREATE TABLE `t_replenishments` (
  `f_replenishment_id` int(11) NOT NULL,
  `f_product_id` int(11) NOT NULL,
  `f_replenishment_quantity` int(11) NOT NULL,
  `f_replenishment_daytime` datetime NOT NULL
) ENGINE=InnoDB DEFAULT CHARSET=utf8mb4;

-- --------------------------------------------------------

--
-- テーブルの構造 `t_tags`
--

CREATE TABLE `t_tags` (
  `f_tag_id` int(2) UNSIGNED ZEROFILL NOT NULL,
  `f_tag_name` varchar(31) NOT NULL
) ENGINE=InnoDB DEFAULT CHARSET=utf8mb4;

--
-- テーブルのデータのダンプ `t_tags`
--

INSERT INTO `t_tags` (`f_tag_id`, `f_tag_name`) VALUES
(01, '炭酸'),
(02, 'コーヒー'),
(03, '冷たい'),
(04, '温かい'),
(05, 'ミネラルウォーター'),
(06, 'カフェオレ'),
(07, 'お茶'),
(08, '緑茶'),
(09, '紅茶'),
(10, '清涼飲料水'),
(11, '乳酸菌飲料'),
(12, '特定保健用食品');

-- --------------------------------------------------------

--
-- テーブルの構造 `t_tags_products`
--

CREATE TABLE `t_tags_products` (
  `f_tag_id` int(2) UNSIGNED ZEROFILL NOT NULL,
  `f_product_id` int(11) UNSIGNED ZEROFILL NOT NULL
) ENGINE=InnoDB DEFAULT CHARSET=utf8mb4;

--
-- テーブルのデータのダンプ `t_tags_products`
--

INSERT INTO `t_tags_products` (`f_tag_id`, `f_product_id`) VALUES
(01, 00000060021),
(01, 00000060024),
(01, 00000060025),
(01, 00000060030),
(02, 00000060005),
(03, 00000060005),
(03, 00000060029),
(04, 00000060024),
(04, 00000060025),
(04, 00000060030),
(05, 00000060004),
(06, 00000020001),
(06, 00000060005),
(10, 00000060024),
(10, 00000060025),
(12, 00000060029);

-- --------------------------------------------------------

--
-- テーブルの構造 `t_transactions`
--

CREATE TABLE `t_transactions` (
  `f_receipt_id` int(11) UNSIGNED ZEROFILL NOT NULL,
  `f_product_id` int(11) NOT NULL,
  `f_transaction_quantity` int(2) NOT NULL,
  `f_transaction_amount` int(4) NOT NULL,
  `f_transaction_id` int(11) NOT NULL
) ENGINE=InnoDB DEFAULT CHARSET=utf8mb4;

--
-- テーブルのデータのダンプ `t_transactions`
--

INSERT INTO `t_transactions` (`f_receipt_id`, `f_product_id`, `f_transaction_quantity`, `f_transaction_amount`, `f_transaction_id`) VALUES
(01010000007, 20003, 1, 100, 1),
(01020000011, 60006, 1, 100, 2),
(01010000002, 60019, 1, 100, 3),
(01010000002, 60001, 1, 100, 4),
(01010000013, 220001, 1, 100, 5),
(01010000007, 20002, 1, 100, 6),
(01010000011, 60015, 1, 100, 7),
(01010000011, 60026, 1, 100, 8),
(01010000004, 60023, 1, 100, 9),
(01010000013, 60003, 1, 100, 10),
(01010000005, 70001, 1, 100, 11),
(02201020004, 60021, 2, 100, 24),
(02201020002, 60007, 1, 100, 25),
(02201020003, 20001, 1, 100, 26),
(02201020009, 220001, 1, 100, 42),
(02201020008, 60029, 1, 100, 43),
(02201020002, 60002, 2, 100, 44),
(02201020004, 60003, 1, 100, 45),
(02201020012, 60013, 1, 100, 47),
(02201020004, 60001, 1, 100, 48),
(02201020011, 20003, 1, 100, 49),
(02201020010, 60005, 1, 100, 50),
(02201030009, 20003, 1, 100, 51),
(02201030010, 220001, 1, 100, 52),
(02201030010, 60008, 1, 100, 53),
(02201030005, 20001, 1, 100, 54),
(02201030006, 60005, 1, 100, 55),
(02201030008, 220001, 1, 100, 56),
(02201020007, 70002, 1, 100, 58),
(02201040007, 60026, 1, 100, 59),
(02201040003, 60022, 1, 100, 60),
(02201040006, 20001, 1, 100, 61),
(02201040006, 60001, 1, 100, 62),
(02201040008, 60001, 1, 100, 63),
(02201040011, 60011, 1, 100, 64),
(02201040007, 70002, 1, 100, 65),
(02201050013, 20003, 1, 100, 66),
(02201050011, 220001, 1, 100, 67),
(02201050010, 60026, 1, 100, 68),
(02201050008, 60026, 1, 100, 69),
(02201050007, 20003, 1, 100, 70),
(02201050002, 60002, 1, 100, 71),
(02201050011, 60013, 1, 100, 72),
(02201060008, 220001, 1, 100, 73),
(02201060006, 60002, 1, 100, 74),
(02201060002, 60002, 1, 100, 75),
(02201060004, 60026, 1, 100, 76),
(02201060002, 60019, 1, 100, 77),
(02201060004, 70002, 1, 100, 78),
(02201060009, 60005, 1, 100, 79),
(02201070007, 70002, 1, 100, 80),
(02201070011, 60008, 1, 100, 81),
(02201070005, 20003, 1, 100, 82),
(02201070013, 60027, 1, 100, 83),
(02201070003, 60004, 1, 100, 84),
(02201070004, 60007, 1, 100, 85),
(02201070005, 60017, 1, 100, 86),
(02201070008, 60018, 1, 100, 87),
(02201080004, 220001, 1, 100, 88),
(02201080002, 60021, 1, 100, 89),
(02201080005, 60008, 1, 100, 90),
(02201080004, 60001, 1, 100, 91),
(02201080004, 60026, 1, 100, 92),
(02201080003, 70002, 1, 100, 93),
(02201080008, 60011, 1, 100, 94),
(02201080007, 220001, 1, 100, 95),
(02201080002, 60007, 1, 100, 96),
(02201080008, 60021, 1, 100, 97),
(02201080005, 60018, 1, 100, 98),
(02201090009, 20003, 1, 100, 99),
(02201090012, 60013, 1, 100, 100),
(02201090012, 60005, 1, 100, 101),
(02201090008, 60031, 1, 100, 102),
(02201090005, 60006, 1, 100, 103),
(02201090007, 60008, 1, 100, 104),
(02201090004, 60027, 1, 100, 105),
(02201090004, 60001, 1, 100, 106),
(02201090004, 60002, 1, 100, 107),
(02201090008, 60011, 1, 100, 108),
(02201090003, 60027, 1, 100, 109),
(02201090002, 60001, 1, 100, 110),
(02201100008, 20001, 1, 100, 111),
(02201100009, 60004, 1, 100, 112),
(02201100003, 220001, 1, 100, 113),
(02201100011, 60003, 1, 100, 114),
(02201100004, 60024, 1, 100, 115),
(02201100002, 60025, 1, 100, 116),
(02201110002, 60007, 1, 100, 117),
(02201110006, 60011, 1, 100, 118),
(02201110002, 60023, 1, 100, 119),
(02201110007, 60015, 1, 100, 120),
(02201110006, 20001, 1, 100, 121),
(02201110004, 60019, 1, 100, 122),
(02201120003, 60006, 1, 100, 123),
(02201120005, 60018, 2, 100, 124),
(02201120006, 60002, 1, 100, 125),
(02201120009, 60031, 1, 100, 126),
(02201120008, 60001, 1, 100, 127),
(02201120002, 60022, 1, 100, 128),
(02201120005, 60006, 1, 100, 129),
(02201120003, 60028, 1, 100, 130),
(02201120002, 60007, 1, 100, 131),
(02201120010, 60031, 1, 100, 133),
(02201130002, 60001, 2, 100, 134),
(02201130004, 60020, 1, 100, 135),
(02201130004, 60021, 1, 100, 136),
(02201130005, 60027, 1, 100, 137),
(02201130009, 60026, 1, 100, 138),
(02201130013, 60013, 1, 100, 140),
(02201130012, 60011, 1, 100, 141),
(02201140005, 20001, 1, 100, 178),
(02201140010, 60010, 1, 100, 179),
(02201140003, 60028, 1, 100, 180),
(02201140009, 220001, 1, 100, 181),
(02201140005, 60015, 1, 100, 182),
(02201140008, 60005, 1, 100, 183),
(02201140009, 60018, 1, 100, 184),
(02201140002, 60019, 1, 100, 185),
(02201140008, 60031, 1, 100, 186),
(02201150011, 20003, 1, 100, 194),
(02201150011, 60026, 1, 100, 195),
(02201150012, 60013, 1, 100, 196),
(02201150004, 60001, 1, 100, 197),
(02201150013, 60005, 1, 100, 198),
(02201150007, 60005, 1, 100, 199),
(02201150004, 220001, 1, 100, 200),
(02201160013, 60004, 1, 100, 201),
(02201160005, 70002, 1, 100, 202),
(02201160002, 60032, 1, 100, 203),
(02201160004, 60006, 1, 100, 204),
(02201160007, 220001, 1, 100, 205),
(02201160007, 20003, 1, 100, 206),
(02201160009, 20003, 1, 100, 207),
(02201160003, 70002, 1, 100, 208),
(02201160004, 60020, 1, 100, 209),
(02201160011, 60005, 1, 100, 210),
(02201160002, 60022, 1, 100, 211),
(02201170009, 220001, 1, 100, 239),
(02201170002, 60001, 1, 100, 240),
(02201170007, 60018, 1, 100, 241),
(02201170008, 20002, 1, 100, 242),
(02201170011, 60027, 1, 100, 243),
(02201170002, 20001, 1, 100, 244),
(02201170003, 60028, 1, 100, 245),
(02201170013, 60005, 1, 100, 246),
(02201170013, 60003, 1, 100, 247),
(02201180010, 60003, 1, 100, 248),
(02201180003, 60015, 1, 100, 249),
(02201180003, 70001, 1, 100, 250),
(02201180007, 220001, 1, 100, 251),
(02201180005, 20003, 1, 100, 252),
(02201180008, 60026, 1, 100, 253),
(02201190003, 20003, 1, 100, 254),
(02201190008, 220001, 1, 100, 255),
(02201190007, 60003, 1, 100, 256),
(02201190010, 60005, 1, 100, 257),
(02201190013, 60003, 1, 100, 258),
(02201190011, 60005, 1, 100, 259),
(02201190004, 60025, 1, 100, 260),
(02201190011, 20003, 1, 100, 261),
(02201190006, 60016, 1, 100, 262),
(02201200004, 60007, 1, 100, 263),
(02201200008, 60027, 1, 100, 264),
(02201200006, 60004, 1, 100, 265),
(02201200004, 220001, 1, 100, 266),
(02201200010, 60003, 1, 100, 267),
(02201200006, 60020, 1, 100, 268),
(02201200004, 60024, 1, 100, 269),
(02201200005, 60004, 1, 100, 270),
(02201210004, 60019, 1, 100, 271),
(02201210012, 60026, 1, 100, 272),
(02201210006, 60011, 1, 100, 273),
(02201210005, 70002, 1, 100, 274),
(02201210011, 60003, 1, 100, 275),
(02201210013, 60026, 1, 100, 276),
(02201210007, 220001, 1, 100, 277),
(02201210006, 220001, 1, 100, 278),
(02201210004, 60015, 1, 100, 279),
(02201210004, 20001, 1, 100, 280),
(02201210008, 60005, 1, 100, 281),
(02201220006, 60002, 1, 100, 282),
(02201220006, 60029, 1, 100, 283),
(02201220004, 60019, 1, 100, 284),
(02201220006, 20002, 1, 100, 285),
(02201220008, 220001, 1, 100, 286),
(02201220004, 60023, 1, 100, 287),
(02201220008, 60011, 1, 100, 288),
(02201230003, 60028, 1, 100, 289),
(02201230008, 60027, 1, 100, 290),
(02201230002, 60007, 1, 100, 291),
(02201230002, 60017, 1, 100, 292),
(02201230007, 220001, 1, 100, 293),
(02201230002, 60002, 1, 100, 294),
(02201230010, 60010, 1, 100, 295),
(02201230004, 60007, 1, 100, 296),
(02201230006, 20001, 1, 100, 297),
(02201240012, 60011, 1, 100, 298),
(02201240005, 70001, 1, 100, 299),
(02201240007, 60015, 1, 100, 300),
(02201240008, 60003, 1, 100, 301),
(02201240009, 60027, 1, 100, 302),
(02201240006, 60009, 1, 100, 303),
(02201240004, 60019, 1, 100, 304),
(02201250006, 60011, 1, 100, 305),
(02201250002, 60007, 1, 100, 306),
(02201250005, 60028, 1, 100, 307),
(02201250006, 60002, 1, 100, 308),
(02201250004, 60027, 1, 100, 309),
(02201250007, 60026, 1, 100, 310),
(02201250009, 60005, 1, 100, 311),
(02201250011, 60011, 1, 100, 312),
(02201260002, 60023, 1, 100, 313),
(02201260003, 20001, 1, 100, 314),
(02201260003, 60026, 1, 100, 315),
(02201260004, 60002, 1, 100, 316),
(02201260006, 20002, 1, 100, 317),
(02201260011, 20003, 1, 100, 318),
(02201270013, 60026, 1, 100, 319),
(02201270012, 60013, 1, 100, 320),
(02201270002, 60001, 1, 100, 321),
(02201270004, 60001, 1, 100, 322),
(02201270005, 60031, 1, 100, 323),
(02201270004, 60002, 1, 100, 324),
(02201270006, 60010, 1, 100, 325),
(02201270006, 60019, 1, 100, 326),
(02201270007, 60015, 1, 100, 327),
(02201280006, 60024, 1, 100, 328),
(02201280009, 220001, 1, 100, 329),
(02201280011, 60011, 1, 100, 330),
(02201280002, 60022, 1, 100, 331),
(02201280006, 60023, 1, 100, 332),
(02201280010, 220001, 1, 100, 333),
(02201280009, 60010, 1, 100, 334),
(02201280007, 60031, 1, 100, 335),
(02201280012, 220001, 1, 100, 336),
(02201290004, 60007, 1, 100, 337),
(02201290002, 60001, 1, 100, 338),
(02201290007, 60011, 1, 100, 339),
(02201290005, 220001, 1, 100, 340),
(02201290009, 60005, 1, 100, 341),
(02201290011, 60003, 1, 100, 342),
(02201290013, 220001, 1, 100, 343),
(02201290006, 60001, 1, 100, 344),
(02201300007, 60026, 1, 100, 345),
(02201300003, 60006, 1, 100, 346),
(02201300008, 60001, 1, 100, 347),
(02201300005, 220001, 1, 100, 348),
(02201300007, 60018, 1, 100, 349),
(02201300004, 60032, 1, 100, 350),
(02201300004, 60009, 1, 100, 351),
(02201300005, 60015, 1, 100, 352),
(02201310005, 60026, 1, 100, 353),
(02201310005, 20003, 1, 100, 354),
(02201310006, 60001, 1, 100, 355),
(02201310003, 60006, 1, 100, 356),
(02201310007, 60009, 1, 100, 357),
(02201310005, 60027, 1, 100, 358),
(02202010002, 20002, 1, 100, 359),
(02202010007, 60004, 1, 100, 360),
(02202010003, 60003, 1, 100, 361),
(02202010010, 60010, 1, 100, 362),
(02202010005, 60017, 1, 100, 363),
(02202010006, 60019, 1, 100, 364),
(02202010007, 60011, 1, 100, 365),
(02202010010, 60013, 1, 100, 366),
(02202010006, 60001, 1, 100, 367),
(02202020003, 20003, 1, 100, 368),
(02202020003, 60026, 1, 100, 369),
(02202020004, 60007, 1, 100, 370),
(02202020004, 60002, 1, 100, 371),
(02202020007, 60031, 1, 100, 372),
(02202020005, 60026, 1, 100, 373),
(02202020007, 60028, 1, 100, 374),
(02202020007, 70002, 1, 100, 375),
(02202020003, 60003, 1, 100, 376),
(02202020007, 220001, 1, 100, 377),
(02202020007, 60006, 1, 100, 378),
(02202030007, 70002, 1, 100, 379),
(02202030002, 60021, 1, 100, 380),
(02202030007, 60028, 1, 100, 381),
(02202030002, 60019, 1, 100, 382),
(02202030004, 60026, 1, 100, 383),
(02202030004, 60002, 1, 100, 384),
(02202030005, 60009, 1, 100, 385),
(02202030003, 20003, 1, 100, 386),
(02202040012, 60027, 1, 100, 387),
(02202040009, 220001, 1, 100, 388),
(02202040005, 60008, 1, 100, 389),
(02202040003, 60003, 1, 100, 390),
(02202040009, 60010, 1, 100, 391),
(02202040003, 60026, 1, 100, 392),
(02202040006, 70002, 1, 100, 393),
(02202040009, 60005, 1, 100, 394),
(02202040002, 60023, 1, 100, 395),
(02202040004, 20002, 1, 100, 396),
(02202040004, 60006, 1, 100, 397),
(02202040005, 60006, 1, 100, 398),
(02202050011, 60005, 1, 100, 399),
(02202050008, 60003, 1, 100, 400),
(02202050005, 60024, 1, 100, 401),
(02202050004, 70002, 1, 100, 402),
(02202050004, 60001, 1, 100, 403),
(02202050006, 60002, 1, 100, 404),
(02202050004, 20002, 1, 100, 405),
(02202050002, 60007, 1, 100, 406),
(02202060003, 60028, 1, 100, 407),
(02202060004, 60005, 1, 100, 408),
(02202060013, 20003, 1, 100, 409),
(02202060004, 60022, 1, 100, 410),
(02202060004, 60009, 1, 100, 411),
(02202060005, 60006, 1, 100, 412),
(02202060002, 60007, 1, 100, 413),
(02202070009, 60026, 1, 100, 414),
(02202070002, 60021, 1, 100, 415),
(02202070004, 60032, 1, 100, 416),
(02202070002, 60002, 1, 100, 417),
(02202070004, 60027, 1, 100, 418),
(02202070006, 60002, 1, 100, 419),
(02202070006, 60027, 1, 100, 420),
(02202070007, 220001, 1, 100, 421),
(02202070004, 60011, 1, 100, 422),
(02202080002, 60019, 1, 100, 423),
(02202080003, 60026, 1, 100, 424),
(02202080003, 60027, 1, 100, 425),
(02202080007, 220001, 1, 100, 426),
(02202080008, 60005, 1, 100, 427),
(02202080009, 70002, 1, 100, 428),
(02202080004, 60023, 1, 100, 429),
(02202080012, 60003, 1, 100, 430),
(02202080013, 220001, 1, 100, 431),
(02202090011, 60026, 1, 100, 432),
(02202090006, 60001, 1, 100, 433),
(02202090004, 60002, 1, 100, 434),
(02202090010, 220001, 1, 100, 435),
(02202090006, 60006, 1, 100, 436),
(02202090006, 60015, 1, 100, 437),
(02202100004, 60001, 1, 100, 438),
(02202100008, 60026, 1, 100, 439),
(02202100005, 60004, 1, 100, 440),
(02202100009, 60026, 1, 100, 441),
(02202100004, 60007, 1, 100, 442),
(02202100004, 60025, 1, 100, 443),
(02202100006, 60021, 1, 100, 444),
(02202100007, 60026, 1, 100, 445),
(02202100007, 60015, 1, 100, 446),
(02202110002, 60001, 1, 100, 447),
(02202110010, 60026, 1, 100, 448),
(02202110005, 60005, 1, 100, 449),
(02202110004, 60002, 1, 100, 450),
(02202110010, 220001, 1, 100, 451),
(02202110011, 220001, 1, 100, 452),
(02202110002, 60002, 1, 100, 453),
(02202110004, 60006, 1, 100, 454),
(02202120002, 60002, 1, 100, 455),
(02202120007, 60028, 1, 100, 456),
(02202120003, 60028, 1, 100, 457),
(02202120004, 60025, 1, 100, 458),
(02202120007, 60018, 1, 100, 459),
(02202120006, 60031, 1, 100, 460),
(02202120004, 60026, 1, 100, 461),
(02202120006, 60003, 1, 100, 462),
(02202120007, 60005, 1, 100, 463),
(02202120004, 60021, 1, 100, 464),
(02202130005, 70002, 1, 100, 465),
(02202130007, 220001, 1, 100, 466),
(02202130004, 60001, 1, 100, 467),
(02202130002, 60007, 1, 100, 468),
(02202130004, 60004, 1, 100, 469),
(02202130004, 60016, 1, 100, 470),
(02202130002, 60015, 1, 100, 471),
(02202130004, 60019, 1, 100, 472),
(02202140002, 60023, 1, 100, 473),
(02202140004, 60023, 1, 100, 474),
(02202140004, 60020, 1, 100, 475),
(02202140010, 220001, 1, 100, 476),
(02202140012, 60005, 1, 100, 477),
(02202140006, 60002, 1, 100, 478),
(02202140013, 220001, 1, 100, 479),
(02202140004, 20002, 1, 100, 480),
(02202140002, 60022, 1, 100, 481),
(02202140006, 60001, 1, 100, 482),
(02202140004, 20001, 1, 100, 483),
(02202150004, 60006, 1, 100, 484),
(02202150006, 60017, 1, 100, 485),
(02202150004, 60019, 1, 100, 486),
(02202150004, 60001, 1, 100, 487),
(02202150004, 60007, 1, 100, 488),
(02202150005, 60018, 1, 100, 489),
(02202150007, 60028, 1, 100, 490),
(02202150006, 60024, 1, 100, 491),
(02202150006, 60001, 1, 100, 492),
(02202150007, 60026, 1, 100, 493),
(02202150008, 60005, 1, 100, 494),
(02202160007, 70002, 1, 100, 495),
(02202160005, 60031, 1, 100, 496),
(02202160002, 60021, 1, 100, 497),
(02202160006, 20001, 1, 100, 498),
(02202160009, 60003, 1, 100, 499),
(02202160006, 60004, 1, 100, 500),
(02202160010, 220001, 1, 100, 501),
(02202170013, 60026, 1, 100, 502),
(02202170006, 60006, 1, 100, 503),
(02202170006, 60008, 1, 100, 504),
(02202170007, 60027, 1, 100, 505),
(02202170002, 60002, 1, 100, 506),
(02202170004, 220001, 1, 100, 507),
(02202180004, 60003, 1, 100, 515),
(02202180006, 60015, 1, 100, 516),
(02202180004, 60027, 1, 100, 517),
(02202180008, 220001, 1, 100, 518),
(02202180005, 60028, 1, 100, 519),
(02202180005, 60009, 1, 100, 520),
(02202180003, 220001, 1, 100, 521),
(02202190002, 60001, 1, 100, 522),
(02202190007, 60005, 1, 100, 523),
(02202190005, 60003, 1, 100, 524),
(02202190010, 60029, 1, 100, 525),
(02202190003, 60026, 1, 100, 526),
(02202190003, 60027, 1, 100, 527),
(02202200004, 60018, 1, 100, 528),
(02202200006, 60020, 1, 100, 529),
(02202200012, 60030, 1, 100, 530),
(02202200002, 20001, 1, 100, 531),
(02202200004, 60001, 1, 100, 532),
(02202200002, 60006, 1, 100, 533),
(02202200009, 20003, 1, 100, 534),
(02202200005, 60004, 1, 100, 535),
(02202210005, 60026, 1, 100, 536),
(02202210003, 60027, 1, 100, 537),
(02202210006, 20001, 1, 100, 538),
(02202210004, 60002, 1, 100, 539),
(02202210006, 60002, 1, 100, 540),
(02202210004, 60016, 1, 100, 541),
(02202210011, 60003, 1, 100, 542),
(02202210002, 60002, 1, 100, 543),
(02202210006, 60011, 1, 100, 544),
(02202210004, 60019, 1, 100, 545),
(02202220003, 70001, 1, 100, 546),
(02202220005, 70002, 1, 100, 547),
(02202220009, 60026, 1, 100, 548),
(02202220004, 60009, 1, 100, 549),
(02202220002, 60027, 1, 100, 550),
(02202220007, 60027, 1, 100, 551),
(02202230002, 20001, 1, 100, 552),
(02202230005, 20003, 1, 100, 553),
(02202230010, 60011, 1, 100, 554),
(02202230009, 60026, 1, 100, 555),
(02202230002, 60015, 1, 100, 556),
(02202230003, 220001, 1, 100, 557),
(02202230002, 60007, 1, 100, 558),
(02202240002, 60002, 1, 100, 559),
(02202240002, 60028, 1, 100, 560),
(02202240004, 20001, 1, 100, 561),
(02202240007, 60026, 1, 100, 562),
(02202240004, 60011, 1, 100, 563),
(02202240004, 60027, 1, 100, 564),
(02202240002, 60027, 1, 100, 565),
(02202250004, 60007, 1, 100, 566),
(02202250013, 60003, 1, 100, 567),
(02202250004, 60015, 1, 100, 568),
(02202250007, 60011, 1, 100, 569),
(02202250009, 60031, 1, 100, 570),
(02202250004, 60008, 1, 100, 571),
(02202250007, 60006, 1, 100, 572),
(02202250008, 60031, 1, 100, 573),
(02202250006, 70001, 1, 100, 574),
(02202260002, 60020, 1, 100, 575),
(02202260005, 60004, 1, 100, 576),
(02202260004, 20002, 1, 100, 577),
(02202260008, 20002, 1, 100, 578),
(02202260008, 60011, 1, 100, 579),
(02202260007, 60026, 1, 100, 580),
(02202260004, 60009, 1, 100, 581),
(02202260012, 60018, 1, 100, 582),
(02202260006, 60027, 1, 100, 583),
(02202260004, 60011, 1, 100, 584),
(02202260003, 60004, 1, 100, 585),
(02202270002, 60021, 1, 100, 586),
(02202270004, 60019, 1, 100, 587),
(02202270004, 60015, 1, 100, 588),
(02202270008, 60026, 1, 100, 589),
(02202270007, 60018, 1, 100, 590),
(02202270006, 60027, 1, 100, 591),
(02202270002, 20001, 1, 100, 592),
(02202270002, 60001, 1, 100, 593),
(02202280005, 60015, 1, 100, 594),
(02202280007, 60026, 1, 100, 595),
(02202280004, 60023, 1, 100, 596),
(02202280011, 220001, 1, 100, 597),
(02202280006, 60001, 1, 100, 598),
(02202280005, 60004, 1, 100, 599),
(02202280004, 60006, 1, 100, 600),
(02202280010, 60027, 1, 100, 601),
(02203010006, 60001, 1, 100, 606),
(02203010006, 60002, 1, 100, 607),
(02203010006, 20002, 1, 100, 608),
(02203010006, 60020, 1, 100, 609),
(02203010007, 60027, 1, 100, 611),
(02203020004, 60003, 1, 100, 612),
(02203020004, 20001, 1, 100, 613),
(02203020006, 60001, 1, 100, 614),
(02203020003, 20003, 2, 100, 616),
(02203020010, 60030, 1, 100, 640),
(02203020012, 60027, 1, 100, 641),
(02203020008, 60031, 1, 100, 642),
(02203020006, 20002, 1, 100, 643),
(02203020002, 60006, 1, 100, 644),
(02203030002, 60001, 1, 100, 645),
(02203030012, 220001, 1, 100, 646),
(02203030011, 60004, 1, 100, 647),
(02203030011, 60009, 1, 100, 648),
(02203030006, 60004, 1, 100, 649),
(02203030011, 60011, 1, 100, 650),
(02203030012, 60011, 1, 100, 651),
(02203030004, 60021, 1, 100, 652),
(02203040002, 60019, 1, 100, 653),
(02203040006, 60019, 1, 100, 654),
(02203040007, 60017, 1, 100, 655),
(02203040005, 60017, 1, 100, 656),
(02203040004, 60001, 1, 100, 657),
(02203040013, 220001, 1, 100, 658),
(02203040002, 60007, 1, 100, 659),
(02203040004, 60023, 1, 100, 660),
(02203040006, 60002, 2, 100, 661),
(02203050004, 60001, 1, 100, 663),
(02203050004, 60007, 1, 100, 664),
(02203050006, 60007, 1, 100, 665),
(02203050004, 60006, 1, 100, 666),
(02203050007, 20003, 1, 100, 667),
(02203050006, 60022, 1, 100, 668),
(02203050002, 60002, 1, 100, 669),
(02203060004, 60002, 1, 100, 670),
(02203060002, 60026, 1, 100, 671),
(02203060009, 220001, 1, 100, 672),
(02203060004, 60015, 1, 100, 673),
(02203060003, 60024, 1, 100, 674),
(02203060009, 60026, 1, 100, 675),
(02203060008, 60005, 1, 100, 676),
(02203070006, 60022, 1, 100, 678),
(02203070003, 20003, 1, 100, 679),
(02203070013, 60005, 1, 100, 680),
(02203070003, 60008, 1, 100, 681),
(02203070003, 70002, 1, 100, 682),
(02203070006, 60032, 1, 100, 683),
(02203070006, 60019, 1, 100, 684),
(02203080005, 60006, 1, 100, 685),
(02203080010, 60013, 1, 100, 686),
(02203080002, 60015, 1, 100, 687),
(02203080006, 60021, 1, 100, 688),
(02203080008, 60026, 1, 100, 689),
(02203080003, 60006, 1, 100, 690),
(02203080003, 60007, 1, 100, 691),
(02203080008, 60011, 1, 100, 692),
(02203080002, 60019, 1, 100, 693),
(02203080004, 60015, 1, 100, 694),
(02203100003, 60026, 1, 100, 712),
(02203100006, 60001, 1, 100, 713),
(02203100006, 60007, 1, 100, 714),
(02203100012, 60018, 1, 100, 715),
(02203100008, 220001, 1, 100, 716),
(02203100008, 60007, 1, 100, 717),
(02203100006, 60022, 1, 100, 718),
(02203100011, 60027, 1, 100, 719),
(02203100004, 60002, 1, 100, 720),
(02203090006, 60026, 1, 100, 721),
(02203090006, 20001, 1, 100, 722),
(02203090006, 60021, 1, 100, 723),
(02203090002, 60026, 1, 100, 724),
(02203090008, 60010, 1, 100, 725),
(02203090004, 60024, 1, 100, 726),
(02203090004, 60022, 1, 100, 727),
(02203090005, 60015, 1, 100, 728),
(02203110004, 60020, 1, 100, 729),
(02203110011, 60027, 1, 100, 730),
(02203110006, 60007, 1, 100, 732),
(02203110007, 70001, 1, 100, 733),
(02203110003, 220001, 1, 100, 734),
(02203110009, 60026, 1, 100, 735),
(02203110003, 60005, 1, 100, 736),
(02203110006, 60006, 1, 100, 737),
(02203110006, 60002, 2, 100, 738),
(02203120006, 60019, 1, 100, 745),
(02203120002, 60002, 1, 100, 746),
(02203120003, 60005, 1, 100, 747),
(02203120007, 60028, 1, 100, 748),
(02203120004, 60028, 1, 100, 749),
(02203120007, 60015, 1, 100, 750),
(02203130006, 60001, 1, 100, 751),
(02203130004, 70002, 1, 100, 752),
(02203130002, 20001, 2, 100, 753),
(02203130011, 220001, 1, 100, 755),
(02203130010, 60027, 1, 100, 756),
(02203130013, 60027, 1, 100, 757),
(02203130004, 60015, 1, 100, 758),
(02203150003, 60031, 1, 100, 759),
(02203150003, 70002, 1, 100, 760),
(02203150004, 60002, 1, 100, 761),
(02203150009, 20003, 1, 100, 762),
(02203150004, 60019, 1, 100, 763),
(02203150006, 60001, 2, 100, 764),
(02203150007, 60028, 1, 100, 766),
(02203170006, 60015, 1, 100, 782),
(02203170004, 20002, 1, 100, 783),
(02203170005, 60028, 1, 100, 784),
(02203170005, 60026, 1, 100, 785),
(02203170011, 60026, 1, 100, 786),
(02203170004, 60006, 1, 100, 787),
(02203170004, 60001, 1, 100, 788),
(02203170002, 60023, 1, 100, 789),
(02203170002, 60007, 1, 100, 790),
(02203170010, 60018, 1, 100, 791),
(02203160009, 20003, 1, 100, 792),
(02203160012, 60005, 1, 100, 793),
(02203160005, 70002, 1, 100, 794),
(02203160006, 60002, 1, 100, 795),
(02203160004, 60016, 1, 100, 796),
(02203160002, 60020, 1, 100, 797),
(02203160008, 60005, 1, 100, 798),
(02203160004, 60002, 1, 100, 799),
(02203180002, 20001, 1, 100, 800),
(02203180012, 60005, 1, 100, 801),
(02203180006, 60008, 1, 100, 802),
(02203180004, 60003, 1, 100, 803),
(02203180004, 60001, 1, 100, 804),
(02203180004, 60020, 1, 100, 805),
(02203180006, 60032, 1, 100, 806),
(02203180008, 60004, 1, 100, 807),
(02203180010, 220001, 1, 100, 808),
(02203180012, 60008, 1, 100, 809),
(02203190007, 20003, 1, 100, 810),
(02203190010, 60026, 1, 100, 811),
(02203190012, 220001, 1, 100, 812),
(02203190013, 20003, 1, 100, 813),
(02203190006, 60004, 1, 100, 814),
(02203190002, 20001, 1, 100, 815),
(02203200008, 60005, 1, 100, 816),
(02203200004, 60020, 1, 100, 817),
(02203200006, 60020, 1, 100, 818),
(02203200013, 220001, 1, 100, 819),
(02203200009, 60016, 1, 100, 820),
(02203200007, 60015, 1, 100, 821),
(02203200002, 60005, 1, 100, 822),
(02203200002, 60002, 1, 100, 823),
(02203200008, 60003, 1, 100, 824),
(02203200004, 60007, 1, 100, 825),
(02203200012, 60018, 1, 100, 826),
(02203210006, 60025, 1, 100, 827),
(02203210007, 60004, 1, 100, 828),
(02203210010, 60009, 1, 100, 829),
(02203210010, 60013, 1, 100, 830),
(02203210007, 220001, 1, 100, 831),
(02203210006, 60001, 1, 100, 832),
(02203210011, 20003, 1, 100, 833),
(02203210006, 60002, 1, 100, 834),
(02203210005, 60015, 1, 100, 835),
(02203210006, 60003, 1, 100, 836),
(02203220005, 20003, 1, 100, 837),
(02203220012, 60004, 1, 100, 838),
(02203220003, 60004, 1, 100, 839),
(02203220002, 60020, 1, 100, 840),
(02203220004, 60007, 1, 100, 841),
(02203220003, 60028, 1, 100, 842),
(02203220002, 60006, 1, 100, 843),
(02203220004, 60027, 1, 100, 844),
(02203220012, 60005, 1, 100, 845),
(02203220006, 60022, 1, 100, 846),
(02203230003, 60015, 1, 100, 847),
(02203230007, 60004, 1, 100, 848),
(02203230006, 60015, 1, 100, 849),
(02203230013, 60005, 1, 100, 850),
(02203230004, 220001, 2, 100, 851),
(02203230006, 60007, 1, 100, 852),
(02203240006, 60006, 1, 100, 854),
(02203240010, 60027, 1, 100, 855),
(02203240009, 60004, 1, 100, 856),
(02203240005, 60006, 1, 100, 857),
(02203240007, 60026, 1, 100, 858),
(02203240002, 60009, 1, 100, 859),
(02203240002, 60019, 1, 100, 860),
(02203240004, 60019, 1, 100, 861),
(02203250002, 60001, 1, 100, 862),
(02203250006, 60007, 2, 100, 863),
(02203250006, 60002, 2, 100, 864),
(02203250002, 220001, 1, 100, 865),
(02203250005, 60026, 1, 100, 866),
(02203250002, 60017, 1, 100, 867),
(02203250004, 60024, 1, 100, 868),
(02203250010, 60027, 1, 100, 870),
(02203250004, 60001, 1, 100, 872),
(02203250008, 60009, 1, 100, 873),
(02203260004, 60028, 1, 100, 882),
(02203260004, 60024, 1, 100, 883),
(02203260004, 70002, 1, 100, 884),
(02203260002, 60002, 2, 100, 885),
(02203260005, 220001, 1, 100, 886),
(02203260012, 60018, 1, 100, 887),
(02203260006, 60029, 1, 100, 888),
(02203270004, 60023, 2, 100, 890),
(02203270006, 60001, 1, 100, 891),
(02203270007, 70002, 1, 100, 892),
(02203270009, 60031, 1, 100, 893),
(02203270004, 60028, 1, 100, 894),
(02203270011, 60003, 1, 100, 896),
(02203270008, 60005, 1, 100, 897),
(02203280002, 60002, 1, 100, 898),
(02203280004, 60020, 1, 100, 899),
(02203280005, 60028, 1, 100, 900),
(02203280003, 220001, 1, 100, 901),
(02203280004, 60002, 1, 100, 902),
(02203280003, 70001, 1, 100, 903),
(02203280005, 70001, 1, 100, 904),
(02203280004, 60005, 1, 100, 905),
(02203280006, 60001, 1, 100, 906),
(02203290006, 60020, 1, 100, 907),
(02203290003, 60004, 1, 100, 908),
(02203290006, 60002, 1, 100, 909),
(02203290003, 20003, 1, 100, 910),
(02203290006, 60019, 1, 100, 911),
(02203290006, 60001, 1, 100, 912),
(02203290012, 60026, 1, 100, 913),
(02203290008, 60009, 1, 100, 914),
(02203300002, 60007, 1, 100, 924),
(02203300002, 60005, 1, 100, 925),
(02203300006, 60002, 1, 100, 926),
(02203300007, 60005, 1, 100, 927),
(02203300008, 60011, 1, 100, 928),
(02203300012, 60008, 1, 100, 929),
(02203300007, 60015, 1, 100, 930),
(02203300004, 60028, 2, 100, 931),
(02203310005, 60009, 1, 100, 933),
(02203310011, 60026, 2, 100, 934),
(02203310002, 60020, 1, 100, 935),
(02203310002, 60008, 1, 100, 936),
(02203310002, 20001, 1, 100, 938),
(02203310006, 60005, 1, 100, 939),
(02203310002, 60001, 1, 100, 940),
(02203310006, 220001, 1, 100, 941),
(02203310006, 60007, 1, 100, 942),
(02212010013, 60003, 1, 100, 943),
(02212010002, 60002, 1, 100, 944),
(02212010006, 60019, 1, 100, 945),
(02212010002, 60004, 1, 100, 946),
(02212010011, 220001, 1, 100, 947),
(02212010010, 60010, 1, 100, 948),
(02212010010, 60003, 1, 100, 949),
(02212010007, 220001, 1, 100, 950),
(02212010002, 60007, 1, 100, 951),
(02212020004, 60002, 1, 100, 952),
(02212020002, 60007, 1, 100, 953),
(02212020007, 60026, 1, 100, 954),
(02212020010, 60003, 1, 100, 955),
(02212020006, 60032, 1, 100, 956),
(02212020004, 60015, 1, 100, 957),
(02212020005, 60026, 1, 100, 958),
(02212020008, 60026, 1, 100, 959),
(02212020006, 60015, 1, 100, 960),
(02212020013, 220001, 1, 100, 961),
(02212020012, 60018, 1, 100, 962),
(02212040008, 60026, 1, 100, 970),
(02212040008, 60011, 1, 100, 971),
(02212040013, 60005, 1, 100, 972),
(02212040002, 60020, 1, 100, 973),
(02212040007, 60006, 1, 100, 974),
(02212040006, 60002, 1, 100, 975),
(02212040006, 60018, 1, 100, 976),
(02212040006, 60009, 1, 100, 977),
(02212040006, 60001, 1, 100, 978),
(02212050004, 60025, 1, 100, 979),
(02212050007, 60004, 1, 100, 980),
(02212050005, 60004, 1, 100, 981),
(02212050006, 20002, 1, 100, 982),
(02212050007, 60003, 1, 100, 983),
(02212050006, 20001, 1, 100, 984),
(02212050006, 60007, 1, 100, 985),
(02212050002, 60007, 1, 100, 986),
(02212060006, 60022, 1, 100, 987),
(02212060005, 60005, 1, 100, 988),
(02212060012, 60030, 1, 100, 989),
(02212060004, 20002, 1, 100, 990),
(02212060012, 60003, 1, 100, 991),
(02212060003, 60015, 1, 100, 992),
(02212060005, 60016, 1, 100, 993),
(02212060008, 60005, 1, 100, 994),
(02212060006, 60007, 1, 100, 995),
(02212060002, 20002, 1, 100, 996),
(02212060006, 60002, 1, 100, 997),
(02212060002, 60019, 1, 100, 998),
(02212060006, 60001, 1, 100, 999),
(02212070012, 60003, 1, 100, 1000),
(02212070007, 60027, 1, 100, 1001),
(02212070006, 60019, 1, 100, 1002),
(02212070004, 60015, 1, 100, 1003),
(02212070002, 60021, 1, 100, 1004),
(02212070004, 60027, 1, 100, 1005),
(02212070002, 60001, 1, 100, 1006),
(02212070006, 60009, 1, 100, 1007),
(02212080009, 60027, 1, 100, 1041),
(02212080006, 20002, 1, 100, 1048),
(02212080006, 60007, 1, 100, 1049),
(02212080013, 220001, 1, 100, 1050),
(02212080008, 60013, 1, 100, 1051),
(02212080004, 60021, 1, 100, 1052),
(02212080004, 20001, 1, 100, 1053),
(02212080004, 60005, 1, 100, 1054),
(02212080002, 60002, 1, 100, 1055),
(02212080007, 220001, 1, 100, 1056),
(02212090004, 60007, 1, 100, 1065),
(02212090007, 60008, 1, 100, 1066),
(02212090003, 60009, 1, 100, 1067),
(02212090013, 60009, 1, 100, 1068),
(02212090006, 60021, 1, 100, 1069),
(02212090002, 60002, 1, 100, 1070),
(02212090004, 60020, 1, 100, 1071),
(02212100006, 60019, 1, 100, 1072),
(02212100002, 60023, 1, 100, 1073),
(02212100004, 60021, 1, 100, 1074),
(02212100009, 60005, 1, 100, 1075),
(02212100004, 60028, 1, 100, 1076),
(02212100006, 20001, 1, 100, 1077),
(02212100006, 60007, 1, 100, 1078),
(02212100002, 60020, 1, 100, 1079),
(02212100005, 60027, 1, 100, 1080),
(02212120003, 220001, 1, 100, 1081),
(02212120004, 60020, 1, 100, 1082),
(02212120004, 60024, 1, 100, 1083),
(02212120004, 60007, 1, 100, 1084),
(02212120004, 60023, 1, 100, 1085),
(02212120007, 60006, 1, 100, 1086),
(02212120006, 60021, 1, 100, 1087),
(02212120002, 60006, 1, 100, 1088),
(02212120004, 60021, 1, 100, 1089),
(02212110007, 60004, 1, 100, 1090),
(02212110005, 60031, 1, 100, 1091),
(02212110004, 60001, 1, 100, 1092),
(02212110006, 60002, 1, 100, 1093),
(02212110013, 60004, 1, 100, 1094),
(02212110011, 60008, 1, 100, 1095),
(02212110010, 60018, 1, 100, 1096),
(02212110007, 70002, 1, 100, 1097),
(02212110006, 60027, 1, 100, 1098),
(02212110004, 20002, 1, 100, 1099),
(02212110007, 60006, 1, 100, 1100),
(02212130009, 60016, 1, 100, 1101),
(02212130004, 20001, 1, 100, 1102),
(02212130002, 60007, 3, 100, 1103),
(02212130004, 60015, 1, 100, 1104),
(02212130012, 60027, 1, 100, 1107),
(02212130002, 20001, 1, 100, 1108),
(02212130005, 70001, 1, 100, 1109),
(02212130006, 20001, 1, 100, 1110),
(02212140012, 60013, 1, 100, 1111),
(02212140005, 60005, 1, 100, 1112),
(02212140006, 60023, 1, 100, 1113),
(02212140002, 60007, 2, 100, 1114),
(02212140004, 60002, 1, 100, 1116),
(02212140006, 60020, 1, 100, 1117),
(02212150006, 60032, 1, 100, 1118),
(02212150007, 20003, 1, 100, 1119),
(02212150013, 60005, 1, 100, 1120),
(02212150002, 60021, 1, 100, 1121),
(02212150007, 60004, 1, 100, 1122),
(02212150004, 60001, 1, 100, 1123),
(02212150002, 220001, 1, 100, 1124),
(02212150004, 60003, 1, 100, 1125),
(02212160010, 60026, 1, 100, 1126),
(02212160004, 60020, 1, 100, 1127),
(02212160012, 60016, 1, 100, 1128),
(02212160002, 60002, 1, 100, 1129),
(02212160009, 20003, 1, 100, 1130),
(02212160006, 60020, 1, 100, 1131),
(02212160004, 60001, 1, 100, 1132),
(02212160006, 20001, 1, 100, 1133),
(02212160002, 60003, 1, 100, 1134),
(02212170006, 60020, 1, 100, 1135),
(02212170002, 60020, 1, 100, 1136),
(02212170011, 60016, 1, 100, 1137),
(02212170010, 60003, 1, 100, 1138),
(02212170005, 70002, 1, 100, 1139),
(02212170011, 60005, 1, 100, 1140),
(02212180004, 60007, 1, 100, 1141),
(02212180002, 60007, 1, 100, 1142),
(02212180007, 70002, 1, 100, 1143),
(02212180004, 60024, 1, 100, 1144),
(02212180003, 60026, 1, 100, 1145),
(02212180003, 220001, 1, 100, 1146),
(02212180004, 70002, 1, 100, 1147),
(02212180012, 60027, 1, 100, 1148),
(02212180010, 60004, 1, 100, 1149),
(02212190006, 60003, 1, 100, 1150),
(02212190008, 60008, 1, 100, 1151),
(02212190004, 60001, 1, 100, 1152),
(02212190006, 60018, 1, 100, 1153),
(02212190004, 60007, 1, 100, 1154),
(02212190002, 60019, 1, 100, 1155),
(02212190002, 60008, 1, 100, 1156),
(02212190006, 20001, 1, 100, 1157),
(02212200004, 60032, 1, 100, 1158),
(02212200002, 60015, 1, 100, 1159),
(02212200010, 60005, 1, 100, 1160),
(02212200013, 60005, 1, 100, 1161),
(02212200012, 60003, 1, 100, 1162),
(02212200008, 60027, 1, 100, 1163),
(02212210005, 60008, 1, 100, 1164),
(02212210012, 60030, 1, 100, 1165),
(02212210002, 60002, 1, 100, 1166),
(02212210008, 220001, 1, 100, 1167),
(02212210006, 60032, 1, 100, 1168),
(02212210002, 60001, 1, 100, 1169),
(02212210002, 60004, 1, 100, 1170),
(02212210004, 60015, 1, 100, 1171),
(02212210006, 60021, 1, 100, 1172),
(02212220008, 60029, 1, 100, 1173),
(02212220009, 60017, 1, 100, 1174),
(02212220013, 60027, 1, 100, 1175),
(02212220002, 60001, 1, 100, 1176),
(02212220007, 60028, 1, 100, 1177),
(02212220006, 60015, 1, 100, 1178),
(02212220005, 60006, 1, 100, 1179),
(02212220002, 60002, 1, 100, 1180),
(02212230004, 60015, 1, 100, 1181),
(02212230006, 220001, 1, 100, 1182),
(02212230006, 60011, 1, 100, 1183),
(02212230012, 60010, 1, 100, 1184),
(02212230006, 20001, 1, 100, 1185),
(02212230002, 60004, 1, 100, 1186),
(02212230003, 60028, 1, 100, 1187),
(02212230004, 60002, 1, 100, 1188),
(02212230013, 20003, 1, 100, 1189),
(02212240010, 60005, 1, 100, 1190),
(02212240002, 20001, 1, 100, 1191),
(02212240010, 60009, 1, 100, 1192),
(02212240004, 20001, 1, 100, 1193),
(02212240007, 220001, 1, 100, 1194),
(02212240011, 60004, 1, 100, 1195),
(02212240007, 60003, 1, 100, 1196),
(02212240003, 220001, 1, 100, 1197),
(02212250002, 60027, 1, 100, 1198),
(02212250004, 60002, 1, 100, 1199),
(02212250006, 60007, 1, 100, 1200),
(02212250009, 60027, 1, 100, 1201),
(02212250007, 60026, 1, 100, 1202),
(02212250010, 60027, 1, 100, 1203),
(02212250012, 60026, 1, 100, 1204),
(02212260007, 60006, 1, 100, 1205),
(02212260010, 60005, 1, 100, 1206),
(02212260006, 60013, 1, 100, 1207),
(02212260011, 60026, 1, 100, 1208),
(02212260013, 20003, 1, 100, 1209),
(02212260004, 60020, 1, 100, 1210),
(02212260004, 60001, 1, 100, 1211),
(02212260006, 60021, 1, 100, 1212),
(02212270013, 20003, 1, 100, 1213),
(02212270006, 60023, 1, 100, 1214),
(02212270013, 220001, 1, 100, 1215),
(02212270002, 60020, 1, 100, 1216),
(02212270002, 60024, 1, 100, 1217),
(02212270005, 60005, 1, 100, 1218),
(02212270004, 70001, 1, 100, 1219),
(02212270006, 60002, 1, 100, 1220),
(02212280004, 60002, 1, 100, 1221),
(02212280006, 60021, 1, 100, 1222),
(02212280012, 60013, 1, 100, 1223),
(02212280002, 60007, 1, 100, 1224),
(02212280002, 60015, 1, 100, 1225),
(02212280003, 60006, 1, 100, 1226),
(02212280006, 60007, 1, 100, 1227),
(02212280012, 60005, 1, 100, 1228),
(02212280006, 60020, 1, 100, 1229),
(02212280006, 60006, 1, 100, 1230),
(02212280002, 60005, 1, 100, 1231),
(02212290002, 20001, 2, 100, 1232),
(02212290008, 60026, 1, 100, 1233),
(02212290002, 60002, 2, 100, 1235),
(02212290006, 60007, 1, 100, 1237),
(02212290004, 60003, 1, 100, 1238),
(02212290004, 60007, 1, 100, 1239),
(02212300006, 60002, 1, 100, 1240),
(02212300005, 60026, 1, 100, 1241),
(02212300002, 60005, 1, 100, 1242),
(02212300007, 70001, 1, 100, 1243),
(02212300006, 60032, 1, 100, 1244),
(02212300004, 20001, 1, 100, 1245),
(02212300011, 60005, 1, 100, 1246),
(02212300007, 20003, 1, 100, 1247),
(02212300006, 60019, 1, 100, 1248),
(02212300004, 60028, 1, 100, 1249),
(02212300006, 60001, 1, 100, 1250),
(02212310010, 60018, 1, 100, 1251),
(02212310002, 60006, 1, 100, 1252),
(02212310009, 60004, 1, 100, 1253),
(02212310004, 220001, 1, 100, 1254),
(02212310003, 60003, 1, 100, 1255),
(02212310011, 60003, 1, 100, 1256),
(02212310008, 60016, 1, 100, 1257),
(02212310012, 60003, 1, 100, 1258),
(02212310002, 60009, 1, 100, 1259);

-- --------------------------------------------------------

--
-- テーブルの構造 `t_types`
--

CREATE TABLE `t_types` (
  `f_type_id` int(2) UNSIGNED ZEROFILL NOT NULL,
  `f_type_name` varchar(31) NOT NULL
) ENGINE=InnoDB DEFAULT CHARSET=utf8mb4;

--
-- テーブルのデータのダンプ `t_types`
--

INSERT INTO `t_types` (`f_type_id`, `f_type_name`) VALUES
(01, '炭酸飲料'),
(02, 'コーヒー'),
(03, 'ミネラルウォーター'),
(04, '緑茶'),
(05, 'お茶'),
(06, '紅茶'),
(07, '清涼飲料水'),
(08, '乳酸菌飲料'),
(09, 'カフェオレ');

-- --------------------------------------------------------

--
-- テーブルの構造 `t_types_products`
--

CREATE TABLE `t_types_products` (
  `f_type_id` int(11) NOT NULL,
  `f_product_id` int(11) NOT NULL
) ENGINE=InnoDB DEFAULT CHARSET=utf8mb4;

--
-- ダンプしたテーブルのインデックス
--

--
-- テーブルのインデックス `t_ads`
--
ALTER TABLE `t_ads`
  ADD PRIMARY KEY (`f_ad_id`),
  ADD KEY `f_advertiser_id` (`f_advertiser_id`);

--
-- テーブルのインデックス `t_advertisers`
--
ALTER TABLE `t_advertisers`
  ADD PRIMARY KEY (`f_advertiser_id`);

--
-- テーブルのインデックス `t_allergens`
--
ALTER TABLE `t_allergens`
  ADD PRIMARY KEY (`f_allergen_id`);

--
-- テーブルのインデックス `t_allergens_product`
--
ALTER TABLE `t_allergens_product`
  ADD PRIMARY KEY (`f_allergen_id`,`f_product_id`);

--
-- テーブルのインデックス `t_customers`
--
ALTER TABLE `t_customers`
  ADD PRIMARY KEY (`f_customer_id`);

--
-- テーブルのインデックス `t_images`
--
ALTER TABLE `t_images`
  ADD PRIMARY KEY (`f_product_id`);

--
-- テーブルのインデックス `t_informations`
--
ALTER TABLE `t_informations`
  ADD PRIMARY KEY (`f_information_id`);

--
-- テーブルのインデックス `t_makers`
--
ALTER TABLE `t_makers`
  ADD PRIMARY KEY (`f_maker_id`);

--
-- テーブルのインデックス `t_makers_products`
--
ALTER TABLE `t_makers_products`
  ADD PRIMARY KEY (`f_maker_id`,`f_product_id`);

--
-- テーブルのインデックス `t_pay_infos`
--
ALTER TABLE `t_pay_infos`
  ADD PRIMARY KEY (`f_pay_info_id`);

--
-- テーブルのインデックス `t_predict`
--
ALTER TABLE `t_predict`
  ADD PRIMARY KEY (`f_predict_id`),
  ADD KEY `f_product_id` (`f_product_id`);

--
-- テーブルのインデックス `t_products`
--
ALTER TABLE `t_products`
  ADD PRIMARY KEY (`f_product_id`);

--
-- テーブルのインデックス `t_receipts`
--
ALTER TABLE `t_receipts`
  ADD PRIMARY KEY (`f_receipt_id`),
  ADD KEY `f_customer_id` (`f_customer_id`);

--
-- テーブルのインデックス `t_replenishments`
--
ALTER TABLE `t_replenishments`
  ADD PRIMARY KEY (`f_replenishment_id`),
  ADD KEY `f_product_id` (`f_product_id`);

--
-- テーブルのインデックス `t_tags`
--
ALTER TABLE `t_tags`
  ADD PRIMARY KEY (`f_tag_id`);

--
-- テーブルのインデックス `t_tags_products`
--
ALTER TABLE `t_tags_products`
  ADD PRIMARY KEY (`f_tag_id`,`f_product_id`);

--
-- テーブルのインデックス `t_transactions`
--
ALTER TABLE `t_transactions`
  ADD PRIMARY KEY (`f_transaction_id`),
  ADD KEY `f_receipt_id` (`f_receipt_id`),
  ADD KEY `f_product_id` (`f_product_id`);

--
-- テーブルのインデックス `t_types`
--
ALTER TABLE `t_types`
  ADD PRIMARY KEY (`f_type_id`);

--
-- テーブルのインデックス `t_types_products`
--
ALTER TABLE `t_types_products`
  ADD PRIMARY KEY (`f_type_id`,`f_product_id`);

--
-- ダンプしたテーブルの AUTO_INCREMENT
--

--
-- テーブルの AUTO_INCREMENT `t_allergens`
--
ALTER TABLE `t_allergens`
  MODIFY `f_allergen_id` int(11) NOT NULL AUTO_INCREMENT, AUTO_INCREMENT=29;

--
-- テーブルの AUTO_INCREMENT `t_makers`
--
ALTER TABLE `t_makers`
  MODIFY `f_maker_id` int(4) UNSIGNED ZEROFILL NOT NULL AUTO_INCREMENT, AUTO_INCREMENT=51;

--
-- テーブルの AUTO_INCREMENT `t_transactions`
--
ALTER TABLE `t_transactions`
  MODIFY `f_transaction_id` int(11) NOT NULL AUTO_INCREMENT, AUTO_INCREMENT=1260;

--
-- テーブルの AUTO_INCREMENT `t_types`
--
ALTER TABLE `t_types`
  MODIFY `f_type_id` int(2) UNSIGNED ZEROFILL NOT NULL AUTO_INCREMENT, AUTO_INCREMENT=10;

--
-- ダンプしたテーブルの制約
--

--
-- テーブルの制約 `t_ads`
--
ALTER TABLE `t_ads`
  ADD CONSTRAINT `t_ads_ibfk_1` FOREIGN KEY (`f_advertiser_id`) REFERENCES `t_advertisers` (`f_advertiser_id`);

--
-- テーブルの制約 `t_images`
--
ALTER TABLE `t_images`
  ADD CONSTRAINT `t_images_ibfk_1` FOREIGN KEY (`f_product_id`) REFERENCES `t_products` (`f_product_id`);

--
-- テーブルの制約 `t_predict`
--
ALTER TABLE `t_predict`
  ADD CONSTRAINT `t_predict_ibfk_1` FOREIGN KEY (`f_product_id`) REFERENCES `t_products` (`f_product_id`);

--
-- テーブルの制約 `t_receipts`
--
ALTER TABLE `t_receipts`
  ADD CONSTRAINT `t_receipts_ibfk_1` FOREIGN KEY (`f_customer_id`) REFERENCES `t_customers` (`f_customer_id`);

--
-- テーブルの制約 `t_replenishments`
--
ALTER TABLE `t_replenishments`
  ADD CONSTRAINT `t_replenishments_ibfk_1` FOREIGN KEY (`f_product_id`) REFERENCES `t_products` (`f_product_id`);

--
-- テーブルの制約 `t_transactions`
--
ALTER TABLE `t_transactions`
  ADD CONSTRAINT `t_transactions_ibfk_1` FOREIGN KEY (`f_receipt_id`) REFERENCES `t_receipts` (`f_receipt_id`),
  ADD CONSTRAINT `t_transactions_ibfk_2` FOREIGN KEY (`f_product_id`) REFERENCES `t_products` (`f_product_id`);
COMMIT;

/*!40101 SET CHARACTER_SET_CLIENT=@OLD_CHARACTER_SET_CLIENT */;
/*!40101 SET CHARACTER_SET_RESULTS=@OLD_CHARACTER_SET_RESULTS */;
/*!40101 SET COLLATION_CONNECTION=@OLD_COLLATION_CONNECTION */;
